canonical_node_id,excel_id_raw,excel_id_norm,pdf_label_raw,pdf_label_norm,match_method,confidence,evidence,pdf_file,page,x,y
N_1680,106,106,168.0,1680,C_fuzzy_char_overlap,0.8,char_overlap=0.750,BX-FM_10-30-2025-Model.pdf,1,319.6902160644531,869.247802734375
N_10,103.4,1034,1.0,10,C_fuzzy_char_overlap,0.9,char_overlap=1.000,BX-FM_10-30-2025-Model.pdf,1,510.5,975.5
N_30,70.3,703,3.0,30,C_fuzzy_char_overlap,0.9,char_overlap=1.000,BX-FM_10-30-2025-Model.pdf,1,514.5,894.0
N_20,102.4,1024,2.0,20,C_fuzzy_char_overlap,0.9,char_overlap=1.000,BX-FM_10-30-2025-Model.pdf,1,510.5,955.5
N_60,106,106,6.0,60,C_fuzzy_char_overlap,0.9,char_overlap=1.000,BX-FM_10-30-2025-Model.pdf,1,464.0,918.5
N_50,,,5.0,50,,0.0,,BX-FM_10-30-2025-Model.pdf,1,433.5,938.5
N_40,103.4,1034,4.0,40,C_fuzzy_char_overlap,0.9,char_overlap=1.000,BX-FM_10-30-2025-Model.pdf,1,415.5,955.0
N_61,106,106,6.1,61,C_fuzzy_char_overlap,0.9,char_overlap=1.000,BX-FM_10-30-2025-Model.pdf,1,444.5,887.5
N_90,109.2,1092,9.0,90,C_fuzzy_char_overlap,0.9,char_overlap=1.000,BX-FM_10-30-2025-Model.pdf,1,400.5,872.5
N_70,70.3,703,7.0,70,C_fuzzy_char_overlap,0.9,char_overlap=1.000,BX-FM_10-30-2025-Model.pdf,1,399.5,906.0
N_71,27.1,271,7.1,71,C_fuzzy_char_overlap,0.9,char_overlap=1.000,BX-FM_10-30-2025-Model.pdf,1,421.5,899.0
N_80,108.3,1083,8.0,80,C_fuzzy_char_overlap,0.9,char_overlap=1.000,BX-FM_10-30-2025-Model.pdf,1,454.5,862.5
N_110,103.4,1034,11.0,110,C_fuzzy_char_overlap,0.9,char_overlap=1.000,BX-FM_10-30-2025-Model.pdf,1,387.5,856.5
N_120,102.4,1024,12.0,120,C_fuzzy_char_overlap,0.9,char_overlap=1.000,BX-FM_10-30-2025-Model.pdf,1,437.0,845.0
N_130,103.4,1034,13.0,130,C_fuzzy_char_overlap,0.9,char_overlap=1.000,BX-FM_10-30-2025-Model.pdf,1,423.5,821.0
N_160,160,160,16.0,160,A_exact_norm,0.98,excel_norm=160,BX-FM_10-30-2025-Model.pdf,1,491.5,800.5
N_170,27.1,271,17.0,170,C_fuzzy_char_overlap,0.767,char_overlap=0.667,BX-FM_10-30-2025-Model.pdf,1,448.5,805.5
N_180,108.3,1083,18.0,180,C_fuzzy_char_overlap,0.9,char_overlap=1.000,BX-FM_10-30-2025-Model.pdf,1,471.5,768.5
N_200,102.4,1024,20.0,200,C_fuzzy_char_overlap,0.9,char_overlap=1.000,BX-FM_10-30-2025-Model.pdf,1,431.5,785.0
N_210,102.4,1024,21.0,210,C_fuzzy_char_overlap,0.9,char_overlap=1.000,BX-FM_10-30-2025-Model.pdf,1,402.5,746.0
N_220,102.4,1024,22.0,220,C_fuzzy_char_overlap,0.9,char_overlap=1.000,BX-FM_10-30-2025-Model.pdf,1,408.5,796.0
N_240,102.4,1024,24.0,240,C_fuzzy_char_overlap,0.9,char_overlap=1.000,BX-FM_10-30-2025-Model.pdf,1,382.0,756.5
N_250,65.25,6525,25.0,250,C_fuzzy_char_overlap,0.767,char_overlap=0.667,BX-FM_10-30-2025-Model.pdf,1,392.0,805.0
N_230,70.3,703,23.0,230,C_fuzzy_char_overlap,0.767,char_overlap=0.667,BX-FM_10-30-2025-Model.pdf,1,414.5,774.0
N_190,109.2,1092,19.0,190,C_fuzzy_char_overlap,0.9,char_overlap=1.000,BX-FM_10-30-2025-Model.pdf,1,446.5,752.5
N_260,65.25,6525,26.0,260,C_fuzzy_char_overlap,0.767,char_overlap=0.667,BX-FM_10-30-2025-Model.pdf,1,371.5,783.5
N_290,109.2,1092,29.0,290,C_fuzzy_char_overlap,0.9,char_overlap=1.000,BX-FM_10-30-2025-Model.pdf,1,352.5,796.0
N_280,28,28,28.0,280,C_fuzzy_char_overlap,0.767,char_overlap=0.667,BX-FM_10-30-2025-Model.pdf,1,365.5,820.0
N_271,27.1,271,27.1,271,A_exact_norm,0.98,excel_norm=271,BX-FM_10-30-2025-Model.pdf,1,354.5,837.0
N_270,27.1,271,27.0,270,C_fuzzy_char_overlap,0.767,char_overlap=0.667,BX-FM_10-30-2025-Model.pdf,1,336.5,840.0
N_300,70.3,703,30.0,300,C_fuzzy_char_overlap,0.9,char_overlap=1.000,BX-FM_10-30-2025-Model.pdf,1,365.5,755.0
N_330,70.3,703,33.0,330,C_fuzzy_char_overlap,0.9,char_overlap=1.000,BX-FM_10-30-2025-Model.pdf,1,327.5,798.5
N_320,70.3,703,32.0,320,C_fuzzy_char_overlap,0.767,char_overlap=0.667,BX-FM_10-30-2025-Model.pdf,1,308.5,802.0
N_340,103.4,1034,34.0,340,C_fuzzy_char_overlap,0.9,char_overlap=1.000,BX-FM_10-30-2025-Model.pdf,1,313.5,769.0
N_350,70.3,703,35.0,350,C_fuzzy_char_overlap,0.767,char_overlap=0.667,BX-FM_10-30-2025-Model.pdf,1,348.5,747.5
N_380,108.3,1083,38.0,380,C_fuzzy_char_overlap,0.9,char_overlap=1.000,BX-FM_10-30-2025-Model.pdf,1,301.5,749.0
N_390,70.3,703,39.0,390,C_fuzzy_char_overlap,0.767,char_overlap=0.667,BX-FM_10-30-2025-Model.pdf,1,338.5,726.0
N_420,102.4,1024,42.0,420,C_fuzzy_char_overlap,0.9,char_overlap=1.000,BX-FM_10-30-2025-Model.pdf,1,332.5,709.5
N_410,103.4,1034,41.0,410,C_fuzzy_char_overlap,0.9,char_overlap=1.000,BX-FM_10-30-2025-Model.pdf,1,302.5,711.0
N_400,103.4,1034,40.0,400,C_fuzzy_char_overlap,0.9,char_overlap=1.000,BX-FM_10-30-2025-Model.pdf,1,272.5,742.0
N_430,103.4,1034,43.0,430,C_fuzzy_char_overlap,0.9,char_overlap=1.000,BX-FM_10-30-2025-Model.pdf,1,465.5,706.0
N_440,103.4,1034,44.0,440,C_fuzzy_char_overlap,0.9,char_overlap=1.000,BX-FM_10-30-2025-Model.pdf,1,429.5,710.0
N_460,103.4,1034,46.0,460,C_fuzzy_char_overlap,0.767,char_overlap=0.667,BX-FM_10-30-2025-Model.pdf,1,424.5,662.0
N_470,70.3,703,47.0,470,C_fuzzy_char_overlap,0.767,char_overlap=0.667,BX-FM_10-30-2025-Model.pdf,1,375.5,697.0
N_490,49,49,49.0,490,C_fuzzy_char_overlap,0.767,char_overlap=0.667,BX-FM_10-30-2025-Model.pdf,1,346.5,686.5
N_500,,,50.0,500,,0.0,,BX-FM_10-30-2025-Model.pdf,1,281.0,685.0
N_520,65.25,6525,52.0,520,C_fuzzy_char_overlap,0.767,char_overlap=0.667,BX-FM_10-30-2025-Model.pdf,1,347.5,652.0
N_530,70.3,703,53.0,530,C_fuzzy_char_overlap,0.767,char_overlap=0.667,BX-FM_10-30-2025-Model.pdf,1,308.5,651.5
N_610,106,106,61.0,610,C_fuzzy_char_overlap,0.9,char_overlap=1.000,BX-FM_10-30-2025-Model.pdf,1,282.5,626.0
N_620,65.25,6525,62.0,620,C_fuzzy_char_overlap,0.767,char_overlap=0.667,BX-FM_10-30-2025-Model.pdf,1,291.5,585.5
N_550,,,55.0,550,,0.0,,BX-FM_10-30-2025-Model.pdf,1,355.5,565.0
N_540,45,45,54.0,540,C_fuzzy_char_overlap,0.767,char_overlap=0.667,BX-FM_10-30-2025-Model.pdf,1,342.5,623.0
N_630,70.3,703,63.0,630,C_fuzzy_char_overlap,0.767,char_overlap=0.667,BX-FM_10-30-2025-Model.pdf,1,265.5,586.0
N_650,65.25,6525,65.0,650,C_fuzzy_char_overlap,0.767,char_overlap=0.667,BX-FM_10-30-2025-Model.pdf,1,215.5,614.5
N_680,106,106,68.0,680,C_fuzzy_char_overlap,0.767,char_overlap=0.667,BX-FM_10-30-2025-Model.pdf,1,258.5,501.0
N_690,106,106,69.0,690,C_fuzzy_char_overlap,0.767,char_overlap=0.667,BX-FM_10-30-2025-Model.pdf,1,223.5,485.0
N_840,48,48,84.0,840,C_fuzzy_char_overlap,0.767,char_overlap=0.667,BX-FM_10-30-2025-Model.pdf,1,525.5,528.0
N_850,108.3,1083,85.0,850,C_fuzzy_char_overlap,0.767,char_overlap=0.667,BX-FM_10-30-2025-Model.pdf,1,485.5,526.0
N_860,106,106,86.0,860,C_fuzzy_char_overlap,0.767,char_overlap=0.667,BX-FM_10-30-2025-Model.pdf,1,549.5,442.0
N_870,70.3,703,87.0,870,C_fuzzy_char_overlap,0.767,char_overlap=0.667,BX-FM_10-30-2025-Model.pdf,1,484.5,443.0
N_780,70.3,703,78.0,780,C_fuzzy_char_overlap,0.767,char_overlap=0.667,BX-FM_10-30-2025-Model.pdf,1,436.5,635.0
N_790,70.3,703,79.0,790,C_fuzzy_char_overlap,0.767,char_overlap=0.667,BX-FM_10-30-2025-Model.pdf,1,399.5,612.5
N_800,108.3,1083,80.0,800,C_fuzzy_char_overlap,0.9,char_overlap=1.000,BX-FM_10-30-2025-Model.pdf,1,436.5,593.0
N_810,108.3,1083,81.0,810,C_fuzzy_char_overlap,0.9,char_overlap=1.000,BX-FM_10-30-2025-Model.pdf,1,436.5,558.0
N_820,28,28,82.0,820,C_fuzzy_char_overlap,0.767,char_overlap=0.667,BX-FM_10-30-2025-Model.pdf,1,437.5,528.5
N_830,108.3,1083,83.0,830,C_fuzzy_char_overlap,0.9,char_overlap=1.000,BX-FM_10-30-2025-Model.pdf,1,437.5,497.0
N_910,109.2,1092,91.0,910,C_fuzzy_char_overlap,0.9,char_overlap=1.000,BX-FM_10-30-2025-Model.pdf,1,359.5,525.0
N_900,109.2,1092,90.0,900,C_fuzzy_char_overlap,0.9,char_overlap=1.000,BX-FM_10-30-2025-Model.pdf,1,310.5,534.0
N_930,70.3,703,93.0,930,C_fuzzy_char_overlap,0.767,char_overlap=0.667,BX-FM_10-30-2025-Model.pdf,1,311.5,450.0
N_950,109.2,1092,95.0,950,C_fuzzy_char_overlap,0.767,char_overlap=0.667,BX-FM_10-30-2025-Model.pdf,1,368.5,440.0
N_890,108.3,1083,89.0,890,C_fuzzy_char_overlap,0.767,char_overlap=0.667,BX-FM_10-30-2025-Model.pdf,1,402.5,440.0
N_710,27.1,271,71.0,710,C_fuzzy_char_overlap,0.767,char_overlap=0.667,BX-FM_10-30-2025-Model.pdf,1,225.5,435.0
N_770,70.3,703,77.0,770,C_fuzzy_char_overlap,0.9,char_overlap=1.000,BX-FM_10-30-2025-Model.pdf,1,258.5,265.0
N_750,70.3,703,75.0,750,C_fuzzy_char_overlap,0.767,char_overlap=0.667,BX-FM_10-30-2025-Model.pdf,1,226.5,269.0
N_760,70.3,703,76.0,760,C_fuzzy_char_overlap,0.767,char_overlap=0.667,BX-FM_10-30-2025-Model.pdf,1,278.5,263.0
N_310,103.4,1034,31.0,310,C_fuzzy_char_overlap,0.9,char_overlap=1.000,BX-FM_10-30-2025-Model.pdf,1,342.5,781.0
N_360,70.3,703,36.0,360,C_fuzzy_char_overlap,0.767,char_overlap=0.667,BX-FM_10-30-2025-Model.pdf,1,358.5,732.0
N_370,70.3,703,37.0,370,C_fuzzy_char_overlap,0.9,char_overlap=1.000,BX-FM_10-30-2025-Model.pdf,1,321.5,754.5
N_450,45,45,45.0,450,C_fuzzy_char_overlap,0.767,char_overlap=0.667,BX-FM_10-30-2025-Model.pdf,1,398.5,691.0
N_480,48,48,48.0,480,C_fuzzy_char_overlap,0.767,char_overlap=0.667,BX-FM_10-30-2025-Model.pdf,1,374.5,661.0
N_510,103.4,1034,51.0,510,C_fuzzy_char_overlap,0.767,char_overlap=0.667,BX-FM_10-30-2025-Model.pdf,1,307.5,686.0
N_570,70.3,703,57.0,570,C_fuzzy_char_overlap,0.767,char_overlap=0.667,BX-FM_10-30-2025-Model.pdf,1,315.5,585.5
N_651,156,156,65.1,651,C_fuzzy_char_overlap,0.9,char_overlap=1.000,BX-FM_10-30-2025-Model.pdf,1,235.5,541.5
N_652,65.25,6525,65.2,652,C_fuzzy_char_overlap,0.9,char_overlap=1.000,BX-FM_10-30-2025-Model.pdf,1,277.5,532.0
N_653,65.25,6525,65.3,653,C_fuzzy_char_overlap,0.767,char_overlap=0.667,BX-FM_10-30-2025-Model.pdf,1,205.5,528.5
N_681,186,186,68.1,681,C_fuzzy_char_overlap,0.9,char_overlap=1.000,BX-FM_10-30-2025-Model.pdf,1,197.5,490.5
N_701,27.1,271,70.1,701,C_fuzzy_char_overlap,0.767,char_overlap=0.667,BX-FM_10-30-2025-Model.pdf,1,293.5,459.0
N_702,27.1,271,70.2,702,C_fuzzy_char_overlap,0.767,char_overlap=0.667,BX-FM_10-30-2025-Model.pdf,1,253.5,461.0
N_703,70.3,703,70.3,703,A_exact_norm,0.98,excel_norm=703,BX-FM_10-30-2025-Model.pdf,1,281.5,440.5
N_704,70.3,703,70.4,704,C_fuzzy_char_overlap,0.767,char_overlap=0.667,BX-FM_10-30-2025-Model.pdf,1,253.5,439.0
N_700,70.3,703,70.0,700,C_fuzzy_char_overlap,0.9,char_overlap=1.000,BX-FM_10-30-2025-Model.pdf,1,285.5,494.0
N_711,27.1,271,71.1,711,C_fuzzy_char_overlap,0.9,char_overlap=1.000,BX-FM_10-30-2025-Model.pdf,1,197.5,348.0
N_712,27.1,271,71.2,712,C_fuzzy_char_overlap,0.9,char_overlap=1.000,BX-FM_10-30-2025-Model.pdf,1,281.5,407.5
N_713,27.1,271,71.3,713,C_fuzzy_char_overlap,0.767,char_overlap=0.667,BX-FM_10-30-2025-Model.pdf,1,293.5,389.0
N_714,147,147,71.4,714,C_fuzzy_char_overlap,0.9,char_overlap=1.000,BX-FM_10-30-2025-Model.pdf,1,284.5,370.5
N_715,27.1,271,71.5,715,C_fuzzy_char_overlap,0.767,char_overlap=0.667,BX-FM_10-30-2025-Model.pdf,1,262.5,401.5
N_716,27.1,271,71.6,716,C_fuzzy_char_overlap,0.767,char_overlap=0.667,BX-FM_10-30-2025-Model.pdf,1,237.5,382.5
N_717,27.1,271,71.7,717,C_fuzzy_char_overlap,0.9,char_overlap=1.000,BX-FM_10-30-2025-Model.pdf,1,255.5,359.5
N_718,71.8,718,71.8,718,A_exact_norm,0.98,excel_norm=718,BX-FM_10-30-2025-Model.pdf,1,226.5,371.5
N_719,27.1,271,71.9,719,C_fuzzy_char_overlap,0.767,char_overlap=0.667,BX-FM_10-30-2025-Model.pdf,1,227.5,347.5
N_720,27.1,271,72.0,720,C_fuzzy_char_overlap,0.767,char_overlap=0.667,BX-FM_10-30-2025-Model.pdf,1,247.5,344.0
N_740,70.3,703,74.0,740,C_fuzzy_char_overlap,0.767,char_overlap=0.667,BX-FM_10-30-2025-Model.pdf,1,222.5,316.5
N_30,70.3,703,3.0,30,C_fuzzy_char_overlap,0.9,char_overlap=1.000,BX-FM_10-30-2025-Model.pdf,1,491.0,960.5
N_50,,,5.0,50,,0.0,,BX-FM_10-30-2025-Model.pdf,1,498.0,885.5
N_920,109.2,1092,92.0,920,C_fuzzy_char_overlap,0.9,char_overlap=1.000,BX-FM_10-30-2025-Model.pdf,1,337.5,481.0
N_940,49,49,94.0,940,C_fuzzy_char_overlap,0.767,char_overlap=0.667,BX-FM_10-30-2025-Model.pdf,1,306.5,412.0
N_960,106,106,96.0,960,C_fuzzy_char_overlap,0.767,char_overlap=0.667,BX-FM_10-30-2025-Model.pdf,1,378.5,347.0
N_980,108.3,1083,98.0,980,C_fuzzy_char_overlap,0.767,char_overlap=0.667,BX-FM_10-30-2025-Model.pdf,1,365.5,305.0
N_970,70.3,703,97.0,970,C_fuzzy_char_overlap,0.767,char_overlap=0.667,BX-FM_10-30-2025-Model.pdf,1,326.5,329.0
N_990,109.2,1092,99.0,990,C_fuzzy_char_overlap,0.9,char_overlap=1.000,BX-FM_10-30-2025-Model.pdf,1,327.5,284.0
N_1000,103.4,1034,100.0,1000,C_fuzzy_char_overlap,0.9,char_overlap=1.000,BX-FM_10-30-2025-Model.pdf,1,366.5,274.0
N_1024,102.4,1024,102.4,1024,A_exact_norm,0.98,excel_norm=1024,BX-FM_10-30-2025-Model.pdf,1,604.0,323.5
N_1030,103.4,1034,103.0,1030,C_fuzzy_char_overlap,0.9,char_overlap=1.000,BX-FM_10-30-2025-Model.pdf,1,673.5,308.0
N_1020,102.4,1024,102.0,1020,C_fuzzy_char_overlap,0.9,char_overlap=1.000,BX-FM_10-30-2025-Model.pdf,1,624.5,356.0
N_1060,106,106,106.0,1060,C_fuzzy_char_overlap,0.9,char_overlap=1.000,BX-FM_10-30-2025-Model.pdf,1,603.5,203.5
N_1070,27.1,271,107.0,1070,C_fuzzy_char_overlap,0.767,char_overlap=0.667,BX-FM_10-30-2025-Model.pdf,1,609.0,229.0
N_1100,103.4,1034,110.0,1100,C_fuzzy_char_overlap,0.9,char_overlap=1.000,BX-FM_10-30-2025-Model.pdf,1,530.5,270.5
N_1080,108.3,1083,108.0,1080,C_fuzzy_char_overlap,0.9,char_overlap=1.000,BX-FM_10-30-2025-Model.pdf,1,563.5,233.5
N_1160,106,106,116.0,1160,C_fuzzy_char_overlap,0.9,char_overlap=1.000,BX-FM_10-30-2025-Model.pdf,1,529.5,310.5
N_1220,102.4,1024,122.0,1220,C_fuzzy_char_overlap,0.9,char_overlap=1.000,BX-FM_10-30-2025-Model.pdf,1,528.5,360.0
N_1230,103.4,1034,123.0,1230,C_fuzzy_char_overlap,0.8,char_overlap=0.750,BX-FM_10-30-2025-Model.pdf,1,492.0,355.0
N_1240,102.4,1024,124.0,1240,C_fuzzy_char_overlap,0.9,char_overlap=1.000,BX-FM_10-30-2025-Model.pdf,1,477.5,346.0
N_1250,102.4,1024,125.0,1250,C_fuzzy_char_overlap,0.8,char_overlap=0.750,BX-FM_10-30-2025-Model.pdf,1,452.5,371.0
N_1260,102.4,1024,126.0,1260,C_fuzzy_char_overlap,0.8,char_overlap=0.750,BX-FM_10-30-2025-Model.pdf,1,426.5,348.0
N_1270,27.1,271,127.0,1270,C_fuzzy_char_overlap,0.8,char_overlap=0.750,BX-FM_10-30-2025-Model.pdf,1,456.5,313.0
N_1280,102.4,1024,128.0,1280,C_fuzzy_char_overlap,0.8,char_overlap=0.750,BX-FM_10-30-2025-Model.pdf,1,398.5,317.0
N_1110,103.4,1034,111.0,1110,C_fuzzy_char_overlap,0.9,char_overlap=1.000,BX-FM_10-30-2025-Model.pdf,1,518.5,229.5
N_1170,27.1,271,117.0,1170,C_fuzzy_char_overlap,0.767,char_overlap=0.667,BX-FM_10-30-2025-Model.pdf,1,487.5,264.5
N_1180,108.3,1083,118.0,1180,C_fuzzy_char_overlap,0.9,char_overlap=1.000,BX-FM_10-30-2025-Model.pdf,1,458.5,274.5
N_1190,109.2,1092,119.0,1190,C_fuzzy_char_overlap,0.9,char_overlap=1.000,BX-FM_10-30-2025-Model.pdf,1,458.5,231.5
N_1200,102.4,1024,120.0,1200,C_fuzzy_char_overlap,0.9,char_overlap=1.000,BX-FM_10-30-2025-Model.pdf,1,434.5,233.0
N_1210,102.4,1024,121.0,1210,C_fuzzy_char_overlap,0.9,char_overlap=1.000,BX-FM_10-30-2025-Model.pdf,1,429.5,262.0
N_1300,103.4,1034,130.0,1300,C_fuzzy_char_overlap,0.9,char_overlap=1.000,BX-FM_10-30-2025-Model.pdf,1,402.5,232.0
N_1310,103.4,1034,131.0,1310,C_fuzzy_char_overlap,0.9,char_overlap=1.000,BX-FM_10-30-2025-Model.pdf,1,390.5,265.0
N_1320,103.4,1034,132.0,1320,C_fuzzy_char_overlap,0.8,char_overlap=0.750,BX-FM_10-30-2025-Model.pdf,1,351.5,233.0
N_1340,103.4,1034,134.0,1340,C_fuzzy_char_overlap,0.9,char_overlap=1.000,BX-FM_10-30-2025-Model.pdf,1,334.5,233.0
N_1330,103.4,1034,133.0,1330,C_fuzzy_char_overlap,0.9,char_overlap=1.000,BX-FM_10-30-2025-Model.pdf,1,318.5,263.0
N_1350,103.4,1034,135.0,1350,C_fuzzy_char_overlap,0.8,char_overlap=0.750,BX-FM_10-30-2025-Model.pdf,1,300.5,263.0
N_1120,102.4,1024,112.0,1120,C_fuzzy_char_overlap,0.9,char_overlap=1.000,BX-FM_10-30-2025-Model.pdf,1,454.5,179.5
N_1130,103.4,1034,113.0,1130,C_fuzzy_char_overlap,0.9,char_overlap=1.000,BX-FM_10-30-2025-Model.pdf,1,473.5,149.0
N_1140,103.4,1034,114.0,1140,C_fuzzy_char_overlap,0.9,char_overlap=1.000,BX-FM_10-30-2025-Model.pdf,1,527.5,145.5
N_1150,103.4,1034,115.0,1150,C_fuzzy_char_overlap,0.767,char_overlap=0.667,BX-FM_10-30-2025-Model.pdf,1,499.5,142.5
N_1290,109.2,1092,129.0,1290,C_fuzzy_char_overlap,0.9,char_overlap=1.000,BX-FM_10-30-2025-Model.pdf,1,419.5,284.0
N_1360,103.4,1034,136.0,1360,C_fuzzy_char_overlap,0.8,char_overlap=0.750,BX-FM_10-30-2025-Model.pdf,1,540.5,94.0
N_1370,70.3,703,137.0,1370,C_fuzzy_char_overlap,0.8,char_overlap=0.750,BX-FM_10-30-2025-Model.pdf,1,526.5,84.0
N_1380,108.3,1083,138.0,1380,C_fuzzy_char_overlap,0.9,char_overlap=1.000,BX-FM_10-30-2025-Model.pdf,1,488.5,56.0
N_1390,103.4,1034,139.0,1390,C_fuzzy_char_overlap,0.8,char_overlap=0.750,BX-FM_10-30-2025-Model.pdf,1,467.5,48.0
N_1400,103.4,1034,140.0,1400,C_fuzzy_char_overlap,0.9,char_overlap=1.000,BX-FM_10-30-2025-Model.pdf,1,445.5,44.0
N_1410,103.4,1034,141.0,1410,C_fuzzy_char_overlap,0.9,char_overlap=1.000,BX-FM_10-30-2025-Model.pdf,1,461.5,88.0
N_1480,103.4,1034,148.0,1480,C_fuzzy_char_overlap,0.8,char_overlap=0.750,BX-FM_10-30-2025-Model.pdf,1,438.5,143.0
N_1420,102.4,1024,142.0,1420,C_fuzzy_char_overlap,0.9,char_overlap=1.000,BX-FM_10-30-2025-Model.pdf,1,437.5,116.0
N_1490,103.4,1034,149.0,1490,C_fuzzy_char_overlap,0.8,char_overlap=0.750,BX-FM_10-30-2025-Model.pdf,1,435.5,166.5
N_1470,103.4,1034,147.0,1470,C_fuzzy_char_overlap,0.8,char_overlap=0.750,BX-FM_10-30-2025-Model.pdf,1,435.5,184.0
N_1460,103.4,1034,146.0,1460,C_fuzzy_char_overlap,0.8,char_overlap=0.750,BX-FM_10-30-2025-Model.pdf,1,435.5,204.5
N_1500,103.4,1034,150.0,1500,C_fuzzy_char_overlap,0.767,char_overlap=0.667,BX-FM_10-30-2025-Model.pdf,1,402.5,185.0
N_1510,103.4,1034,151.0,1510,C_fuzzy_char_overlap,0.767,char_overlap=0.667,BX-FM_10-30-2025-Model.pdf,1,403.5,143.0
N_1540,103.4,1034,154.0,1540,C_fuzzy_char_overlap,0.8,char_overlap=0.750,BX-FM_10-30-2025-Model.pdf,1,353.5,147.0
N_1520,102.4,1024,152.0,1520,C_fuzzy_char_overlap,0.8,char_overlap=0.750,BX-FM_10-30-2025-Model.pdf,1,373.5,229.0
N_1530,103.4,1034,153.0,1530,C_fuzzy_char_overlap,0.8,char_overlap=0.750,BX-FM_10-30-2025-Model.pdf,1,391.5,212.0
N_1550,103.4,1034,155.0,1550,C_fuzzy_char_overlap,0.767,char_overlap=0.667,BX-FM_10-30-2025-Model.pdf,1,365.5,181.0
N_1560,106,106,156.0,1560,C_fuzzy_char_overlap,0.8,char_overlap=0.750,BX-FM_10-30-2025-Model.pdf,1,345.5,132.0
N_1440,103.4,1034,144.0,1440,C_fuzzy_char_overlap,0.9,char_overlap=1.000,BX-FM_10-30-2025-Model.pdf,1,383.5,93.0
N_1430,103.4,1034,143.0,1430,C_fuzzy_char_overlap,0.9,char_overlap=1.000,BX-FM_10-30-2025-Model.pdf,1,411.5,98.0
N_1450,103.4,1034,145.0,1450,C_fuzzy_char_overlap,0.8,char_overlap=0.750,BX-FM_10-30-2025-Model.pdf,1,372.5,113.0
N_1570,,,157.0,1570,,0.0,,BX-FM_10-30-2025-Model.pdf,1,2.0,400.0
N_1580,108.3,1083,158.0,1580,C_fuzzy_char_overlap,0.8,char_overlap=0.750,BX-FM_10-30-2025-Model.pdf,1,38.5,363.0
N_1590,109.2,1092,159.0,1590,C_fuzzy_char_overlap,0.8,char_overlap=0.750,BX-FM_10-30-2025-Model.pdf,1,79.5,390.5
N_1740,103.4,1034,174.0,1740,C_fuzzy_char_overlap,0.8,char_overlap=0.750,BX-FM_10-30-2025-Model.pdf,1,123.5,354.0
N_1600,106,106,160.0,1600,C_fuzzy_char_overlap,0.9,char_overlap=1.000,BX-FM_10-30-2025-Model.pdf,1,86.5,321.0
N_1610,106,106,161.0,1610,C_fuzzy_char_overlap,0.9,char_overlap=1.000,BX-FM_10-30-2025-Model.pdf,1,116.5,288.0
N_1620,102.4,1024,162.0,1620,C_fuzzy_char_overlap,0.8,char_overlap=0.750,BX-FM_10-30-2025-Model.pdf,1,119.5,231.0
N_1630,103.4,1034,163.0,1630,C_fuzzy_char_overlap,0.8,char_overlap=0.750,BX-FM_10-30-2025-Model.pdf,1,125.5,262.5
N_1640,103.4,1034,164.0,1640,C_fuzzy_char_overlap,0.8,char_overlap=0.750,BX-FM_10-30-2025-Model.pdf,1,141.5,269.0
N_1780,71.8,718,178.0,1780,C_fuzzy_char_overlap,0.8,char_overlap=0.750,BX-FM_10-30-2025-Model.pdf,1,154.0,268.5
N_1810,108.3,1083,181.0,1810,C_fuzzy_char_overlap,0.9,char_overlap=1.000,BX-FM_10-30-2025-Model.pdf,1,182.5,185.0
N_1670,106,106,167.0,1670,C_fuzzy_char_overlap,0.8,char_overlap=0.750,BX-FM_10-30-2025-Model.pdf,1,180.5,447.0
N_1660,106,106,166.0,1660,C_fuzzy_char_overlap,0.9,char_overlap=1.000,BX-FM_10-30-2025-Model.pdf,1,188.5,548.0
N_1680,106,106,168.0,1680,C_fuzzy_char_overlap,0.8,char_overlap=0.750,BX-FM_10-30-2025-Model.pdf,1,164.5,503.0
N_1690,106,106,169.0,1690,C_fuzzy_char_overlap,0.8,char_overlap=0.750,BX-FM_10-30-2025-Model.pdf,1,133.5,539.0
N_1730,70.3,703,173.0,1730,C_fuzzy_char_overlap,0.8,char_overlap=0.750,BX-FM_10-30-2025-Model.pdf,1,161.5,440.0
N_1720,27.1,271,172.0,1720,C_fuzzy_char_overlap,0.8,char_overlap=0.750,BX-FM_10-30-2025-Model.pdf,1,117.5,438.0
N_1700,27.1,271,170.0,1700,C_fuzzy_char_overlap,0.767,char_overlap=0.667,BX-FM_10-30-2025-Model.pdf,1,28.5,443.0
N_1750,,,175.0,1750,,0.0,,BX-FM_10-30-2025-Model.pdf,1,169.5,347.0
N_1760,106,106,176.0,1760,C_fuzzy_char_overlap,0.8,char_overlap=0.750,BX-FM_10-30-2025-Model.pdf,1,161.5,313.5
N_1591,159.1,1591,159.1,1591,A_exact_norm,0.98,excel_norm=1591,BX-FM_10-30-2025-Model.pdf,1,55.0,342.0
N_1592,109.2,1092,159.2,1592,C_fuzzy_char_overlap,0.8,char_overlap=0.750,BX-FM_10-30-2025-Model.pdf,1,79.0,349.0
N_1801,108.3,1083,180.1,1801,C_fuzzy_char_overlap,0.9,char_overlap=1.000,BX-FM_10-30-2025-Model.pdf,1,171.5,256.0
N_1802,102.4,1024,180.2,1802,C_fuzzy_char_overlap,0.8,char_overlap=0.750,BX-FM_10-30-2025-Model.pdf,1,163.0,230.0
N_1822,182.2,1822,182.2,1822,A_exact_norm,0.98,excel_norm=1822,BX-FM_10-30-2025-Model.pdf,1,179.0,230.5
N_1821,128,128,182.1,1821,C_fuzzy_char_overlap,0.9,char_overlap=1.000,BX-FM_10-30-2025-Model.pdf,1,194.5,258.0
N_1650,106,106,165.0,1650,C_fuzzy_char_overlap,0.8,char_overlap=0.750,BX-FM_10-30-2025-Model.pdf,1,138.5,235.5
N_1710,27.1,271,171.0,1710,C_fuzzy_char_overlap,0.767,char_overlap=0.667,BX-FM_10-30-2025-Model.pdf,1,87.5,437.0
N_1770,27.1,271,177.0,1770,C_fuzzy_char_overlap,0.767,char_overlap=0.667,BX-FM_10-30-2025-Model.pdf,1,169.0,274.0
N_1790,109.2,1092,179.0,1790,C_fuzzy_char_overlap,0.8,char_overlap=0.750,BX-FM_10-30-2025-Model.pdf,1,149.0,211.0
N_1840,103.4,1034,184.0,1840,C_fuzzy_char_overlap,0.8,char_overlap=0.750,BX-FM_10-30-2025-Model.pdf,1,222.5,255.0
N_1830,108.3,1083,183.0,1830,C_fuzzy_char_overlap,0.9,char_overlap=1.000,BX-FM_10-30-2025-Model.pdf,1,210.0,270.0
N_150,103.4,1034,15.0,150,C_fuzzy_char_overlap,0.767,char_overlap=0.667,BX-FM_10-30-2025-Model.pdf,1,378.5,834.0
N_140,140,140,14.0,140,A_exact_norm,0.98,excel_norm=140,BX-FM_10-30-2025-Model.pdf,1,372.5,849.0
N_60,106,106,6.0,60,C_fuzzy_char_overlap,0.9,char_overlap=1.000,BX-FM_10-30-2025-Model.pdf,1,391.0,949.0
N_70,70.3,703,7.0,70,C_fuzzy_char_overlap,0.9,char_overlap=1.000,BX-FM_10-30-2025-Model.pdf,1,408.5,943.5
N_80,108.3,1083,8.0,80,C_fuzzy_char_overlap,0.9,char_overlap=1.000,BX-FM_10-30-2025-Model.pdf,1,420.5,936.0
N_90,109.2,1092,9.0,90,C_fuzzy_char_overlap,0.9,char_overlap=1.000,BX-FM_10-30-2025-Model.pdf,1,449.5,919.0
N_130,103.4,1034,13.0,130,C_fuzzy_char_overlap,0.9,char_overlap=1.000,BX-FM_10-30-2025-Model.pdf,1,442.0,870.0
N_120,102.4,1024,12.0,120,C_fuzzy_char_overlap,0.9,char_overlap=1.000,BX-FM_10-30-2025-Model.pdf,1,439.0,857.0
N_100,103.4,1034,10.0,100,C_fuzzy_char_overlap,0.9,char_overlap=1.000,BX-FM_10-30-2025-Model.pdf,1,431.5,875.5
N_110,103.4,1034,11.0,110,C_fuzzy_char_overlap,0.9,char_overlap=1.000,BX-FM_10-30-2025-Model.pdf,1,414.5,888.5
N_160,160,160,16.0,160,A_exact_norm,0.98,excel_norm=160,BX-FM_10-30-2025-Model.pdf,1,425.0,852.0
N_170,27.1,271,17.0,170,C_fuzzy_char_overlap,0.767,char_overlap=0.667,BX-FM_10-30-2025-Model.pdf,1,415.5,831.0
N_150,103.4,1034,15.0,150,C_fuzzy_char_overlap,0.767,char_overlap=0.667,BX-FM_10-30-2025-Model.pdf,1,406.0,840.5
N_180,108.3,1083,18.0,180,C_fuzzy_char_overlap,0.9,char_overlap=1.000,BX-FM_10-30-2025-Model.pdf,1,391.5,842.5
N_190,109.2,1092,19.0,190,C_fuzzy_char_overlap,0.9,char_overlap=1.000,BX-FM_10-30-2025-Model.pdf,1,507.0,783.5
N_200,102.4,1024,20.0,200,C_fuzzy_char_overlap,0.9,char_overlap=1.000,BX-FM_10-30-2025-Model.pdf,1,485.0,785.0
N_210,102.4,1024,21.0,210,C_fuzzy_char_overlap,0.9,char_overlap=1.000,BX-FM_10-30-2025-Model.pdf,1,469.0,798.5
N_220,102.4,1024,22.0,220,C_fuzzy_char_overlap,0.9,char_overlap=1.000,BX-FM_10-30-2025-Model.pdf,1,466.0,788.0
N_230,70.3,703,23.0,230,C_fuzzy_char_overlap,0.767,char_overlap=0.667,BX-FM_10-30-2025-Model.pdf,1,452.0,770.0
N_240,102.4,1024,24.0,240,C_fuzzy_char_overlap,0.9,char_overlap=1.000,BX-FM_10-30-2025-Model.pdf,1,435.0,765.0
N_250,65.25,6525,25.0,250,C_fuzzy_char_overlap,0.767,char_overlap=0.667,BX-FM_10-30-2025-Model.pdf,1,412.0,757.0
N_260,65.25,6525,26.0,260,C_fuzzy_char_overlap,0.767,char_overlap=0.667,BX-FM_10-30-2025-Model.pdf,1,409.5,784.0
N_270,27.1,271,27.0,270,C_fuzzy_char_overlap,0.767,char_overlap=0.667,BX-FM_10-30-2025-Model.pdf,1,396.0,789.0
N_280,28,28,28.0,280,C_fuzzy_char_overlap,0.767,char_overlap=0.667,BX-FM_10-30-2025-Model.pdf,1,388.0,771.0
N_290,109.2,1092,29.0,290,C_fuzzy_char_overlap,0.9,char_overlap=1.000,BX-FM_10-30-2025-Model.pdf,1,381.0,785.0
N_300,70.3,703,30.0,300,C_fuzzy_char_overlap,0.9,char_overlap=1.000,BX-FM_10-30-2025-Model.pdf,1,386.5,794.0
N_330,70.3,703,33.0,330,C_fuzzy_char_overlap,0.9,char_overlap=1.000,BX-FM_10-30-2025-Model.pdf,1,369.0,809.0
N_320,70.3,703,32.0,320,C_fuzzy_char_overlap,0.767,char_overlap=0.667,BX-FM_10-30-2025-Model.pdf,1,351.5,819.0
N_310,103.4,1034,31.0,310,C_fuzzy_char_overlap,0.9,char_overlap=1.000,BX-FM_10-30-2025-Model.pdf,1,342.0,826.5
N_350,70.3,703,35.0,350,C_fuzzy_char_overlap,0.767,char_overlap=0.667,BX-FM_10-30-2025-Model.pdf,1,315.0,793.0
N_360,70.3,703,36.0,360,C_fuzzy_char_overlap,0.767,char_overlap=0.667,BX-FM_10-30-2025-Model.pdf,1,322.5,787.0
N_370,70.3,703,37.0,370,C_fuzzy_char_overlap,0.9,char_overlap=1.000,BX-FM_10-30-2025-Model.pdf,1,328.0,782.0
N_380,108.3,1083,38.0,380,C_fuzzy_char_overlap,0.9,char_overlap=1.000,BX-FM_10-30-2025-Model.pdf,1,352.0,760.0
N_340,103.4,1034,34.0,340,C_fuzzy_char_overlap,0.9,char_overlap=1.000,BX-FM_10-30-2025-Model.pdf,1,362.0,769.0
N_390,70.3,703,39.0,390,C_fuzzy_char_overlap,0.767,char_overlap=0.667,BX-FM_10-30-2025-Model.pdf,1,337.0,742.0
N_410,103.4,1034,41.0,410,C_fuzzy_char_overlap,0.9,char_overlap=1.000,BX-FM_10-30-2025-Model.pdf,1,322.0,740.5
N_400,103.4,1034,40.0,400,C_fuzzy_char_overlap,0.9,char_overlap=1.000,BX-FM_10-30-2025-Model.pdf,1,311.0,746.0
N_431,103.4,1034,43.1,431,C_fuzzy_char_overlap,0.9,char_overlap=1.000,BX-FM_10-30-2025-Model.pdf,1,314.0,714.5
N_430,103.4,1034,43.0,430,C_fuzzy_char_overlap,0.9,char_overlap=1.000,BX-FM_10-30-2025-Model.pdf,1,310.5,732.0
N_420,102.4,1024,42.0,420,C_fuzzy_char_overlap,0.9,char_overlap=1.000,BX-FM_10-30-2025-Model.pdf,1,285.5,735.0
N_510,103.4,1034,51.0,510,C_fuzzy_char_overlap,0.767,char_overlap=0.667,BX-FM_10-30-2025-Model.pdf,1,294.0,664.5
N_500,,,50.0,500,,0.0,,BX-FM_10-30-2025-Model.pdf,1,329.0,682.0
N_490,49,49,49.0,490,C_fuzzy_char_overlap,0.767,char_overlap=0.667,BX-FM_10-30-2025-Model.pdf,1,356.0,683.0
N_470,70.3,703,47.0,470,C_fuzzy_char_overlap,0.767,char_overlap=0.667,BX-FM_10-30-2025-Model.pdf,1,409.0,664.0
N_460,103.4,1034,46.0,460,C_fuzzy_char_overlap,0.767,char_overlap=0.667,BX-FM_10-30-2025-Model.pdf,1,419.5,680.0
N_450,45,45,45.0,450,C_fuzzy_char_overlap,0.767,char_overlap=0.667,BX-FM_10-30-2025-Model.pdf,1,424.0,690.0
N_440,103.4,1034,44.0,440,C_fuzzy_char_overlap,0.9,char_overlap=1.000,BX-FM_10-30-2025-Model.pdf,1,455.5,689.0
N_530,70.3,703,53.0,530,C_fuzzy_char_overlap,0.767,char_overlap=0.667,BX-FM_10-30-2025-Model.pdf,1,329.0,647.0
N_521,27.1,271,52.1,521,C_fuzzy_char_overlap,0.767,char_overlap=0.667,BX-FM_10-30-2025-Model.pdf,1,328.0,629.0
N_520,65.25,6525,52.0,520,C_fuzzy_char_overlap,0.767,char_overlap=0.667,BX-FM_10-30-2025-Model.pdf,1,342.0,638.0
N_540,45,45,54.0,540,C_fuzzy_char_overlap,0.767,char_overlap=0.667,BX-FM_10-30-2025-Model.pdf,1,332.0,607.0
N_550,,,55.0,550,,0.0,,BX-FM_10-30-2025-Model.pdf,1,312.0,609.0
N_600,106,106,60.0,600,C_fuzzy_char_overlap,0.9,char_overlap=1.000,BX-FM_10-30-2025-Model.pdf,1,301.0,616.0
N_610,106,106,61.0,610,C_fuzzy_char_overlap,0.9,char_overlap=1.000,BX-FM_10-30-2025-Model.pdf,1,283.0,616.5
N_560,65.25,6525,56.0,560,C_fuzzy_char_overlap,0.767,char_overlap=0.667,BX-FM_10-30-2025-Model.pdf,1,352.0,579.0
N_561,156,156,56.1,561,C_fuzzy_char_overlap,0.9,char_overlap=1.000,BX-FM_10-30-2025-Model.pdf,1,333.0,578.5
N_620,65.25,6525,62.0,620,C_fuzzy_char_overlap,0.767,char_overlap=0.667,BX-FM_10-30-2025-Model.pdf,1,253.0,591.5
N_630,70.3,703,63.0,630,C_fuzzy_char_overlap,0.767,char_overlap=0.667,BX-FM_10-30-2025-Model.pdf,1,253.0,612.0
N_660,106,106,66.0,660,C_fuzzy_char_overlap,0.9,char_overlap=1.000,BX-FM_10-30-2025-Model.pdf,1,234.0,610.0
N_670,70.3,703,67.0,670,C_fuzzy_char_overlap,0.767,char_overlap=0.667,BX-FM_10-30-2025-Model.pdf,1,220.5,596.5
N_480,48,48,48.0,480,C_fuzzy_char_overlap,0.767,char_overlap=0.667,BX-FM_10-30-2025-Model.pdf,1,362.0,700.0
N_61,106,106,6.1,61,C_fuzzy_char_overlap,0.9,char_overlap=1.000,BX-FM_10-30-2025-Model.pdf,1,403.0,950.0
N_570,70.3,703,57.0,570,C_fuzzy_char_overlap,0.767,char_overlap=0.667,BX-FM_10-30-2025-Model.pdf,1,325.0,591.0
N_750,70.3,703,75.0,750,C_fuzzy_char_overlap,0.767,char_overlap=0.667,BX-FM_10-30-2025-Model.pdf,1,232.0,526.0
N_740,70.3,703,74.0,740,C_fuzzy_char_overlap,0.767,char_overlap=0.667,BX-FM_10-30-2025-Model.pdf,1,217.0,532.0
N_756,65.25,6525,75.6,756,C_fuzzy_char_overlap,0.767,char_overlap=0.667,BX-FM_10-30-2025-Model.pdf,1,205.0,509.0
N_755,,,75.5,755,,0.0,,BX-FM_10-30-2025-Model.pdf,1,208.0,489.5
N_754,45,45,75.4,754,C_fuzzy_char_overlap,0.767,char_overlap=0.667,BX-FM_10-30-2025-Model.pdf,1,247.5,508.0
N_753,70.3,703,75.3,753,C_fuzzy_char_overlap,0.767,char_overlap=0.667,BX-FM_10-30-2025-Model.pdf,1,247.0,490.0
N_751,27.1,271,75.1,751,C_fuzzy_char_overlap,0.767,char_overlap=0.667,BX-FM_10-30-2025-Model.pdf,1,274.0,514.0
N_752,27.1,271,75.2,752,C_fuzzy_char_overlap,0.767,char_overlap=0.667,BX-FM_10-30-2025-Model.pdf,1,264.0,525.5
N_760,70.3,703,76.0,760,C_fuzzy_char_overlap,0.767,char_overlap=0.667,BX-FM_10-30-2025-Model.pdf,1,273.0,496.0
N_761,27.1,271,76.1,761,C_fuzzy_char_overlap,0.767,char_overlap=0.667,BX-FM_10-30-2025-Model.pdf,1,275.0,476.0
N_762,27.1,271,76.2,762,C_fuzzy_char_overlap,0.767,char_overlap=0.667,BX-FM_10-30-2025-Model.pdf,1,259.0,483.5
N_763,70.3,703,76.3,763,C_fuzzy_char_overlap,0.767,char_overlap=0.667,BX-FM_10-30-2025-Model.pdf,1,283.0,468.5
N_1120,102.4,1024,112.0,1120,C_fuzzy_char_overlap,0.9,char_overlap=1.000,BX-FM_10-30-2025-Model.pdf,1,307.0,386.5
N_772,27.1,271,77.2,772,C_fuzzy_char_overlap,0.9,char_overlap=1.000,BX-FM_10-30-2025-Model.pdf,1,295.0,371.0
N_770,70.3,703,77.0,770,C_fuzzy_char_overlap,0.9,char_overlap=1.000,BX-FM_10-30-2025-Model.pdf,1,284.0,389.5
N_771,27.1,271,77.1,771,C_fuzzy_char_overlap,0.9,char_overlap=1.000,BX-FM_10-30-2025-Model.pdf,1,271.5,389.0
N_773,70.3,703,77.3,773,C_fuzzy_char_overlap,0.9,char_overlap=1.000,BX-FM_10-30-2025-Model.pdf,1,265.0,381.0
N_774,147,147,77.4,774,C_fuzzy_char_overlap,0.9,char_overlap=1.000,BX-FM_10-30-2025-Model.pdf,1,253.0,396.5
N_775,,,77.5,775,,0.0,,BX-FM_10-30-2025-Model.pdf,1,252.0,376.0
N_776,,,77.6,776,,0.0,,BX-FM_10-30-2025-Model.pdf,1,247.5,359.0
N_765,65.25,6525,76.5,765,C_fuzzy_char_overlap,0.767,char_overlap=0.667,BX-FM_10-30-2025-Model.pdf,1,211.0,345.0
N_790,70.3,703,79.0,790,C_fuzzy_char_overlap,0.767,char_overlap=0.667,BX-FM_10-30-2025-Model.pdf,1,246.0,272.0
N_810,108.3,1083,81.0,810,C_fuzzy_char_overlap,0.9,char_overlap=1.000,BX-FM_10-30-2025-Model.pdf,1,231.5,254.5
N_800,108.3,1083,80.0,800,C_fuzzy_char_overlap,0.9,char_overlap=1.000,BX-FM_10-30-2025-Model.pdf,1,247.0,255.0
N_820,28,28,82.0,820,C_fuzzy_char_overlap,0.767,char_overlap=0.667,BX-FM_10-30-2025-Model.pdf,1,268.0,261.0
N_830,108.3,1083,83.0,830,C_fuzzy_char_overlap,0.9,char_overlap=1.000,BX-FM_10-30-2025-Model.pdf,1,422.0,626.0
N_840,48,48,84.0,840,C_fuzzy_char_overlap,0.767,char_overlap=0.667,BX-FM_10-30-2025-Model.pdf,1,430.0,611.0
N_850,108.3,1083,85.0,850,C_fuzzy_char_overlap,0.767,char_overlap=0.667,BX-FM_10-30-2025-Model.pdf,1,414.5,611.5
N_860,106,106,86.0,860,C_fuzzy_char_overlap,0.767,char_overlap=0.667,BX-FM_10-30-2025-Model.pdf,1,410.0,592.5
N_870,70.3,703,87.0,870,C_fuzzy_char_overlap,0.767,char_overlap=0.667,BX-FM_10-30-2025-Model.pdf,1,426.0,557.0
N_890,108.3,1083,89.0,890,C_fuzzy_char_overlap,0.767,char_overlap=0.667,BX-FM_10-30-2025-Model.pdf,1,427.0,536.0
N_880,108.3,1083,88.0,880,C_fuzzy_char_overlap,0.9,char_overlap=1.000,BX-FM_10-30-2025-Model.pdf,1,413.0,552.0
N_930,70.3,703,93.0,930,C_fuzzy_char_overlap,0.767,char_overlap=0.667,BX-FM_10-30-2025-Model.pdf,1,413.0,488.0
N_920,109.2,1092,92.0,920,C_fuzzy_char_overlap,0.9,char_overlap=1.000,BX-FM_10-30-2025-Model.pdf,1,424.5,492.0
N_940,49,49,94.0,940,C_fuzzy_char_overlap,0.767,char_overlap=0.667,BX-FM_10-30-2025-Model.pdf,1,414.0,473.0
N_1001,103.4,1034,100.1,1001,C_fuzzy_char_overlap,0.9,char_overlap=1.000,BX-FM_10-30-2025-Model.pdf,1,425.0,417.5
N_1010,103.4,1034,101.0,1010,C_fuzzy_char_overlap,0.9,char_overlap=1.000,BX-FM_10-30-2025-Model.pdf,1,437.0,437.0
N_950,109.2,1092,95.0,950,C_fuzzy_char_overlap,0.767,char_overlap=0.667,BX-FM_10-30-2025-Model.pdf,1,514.0,523.0
N_960,106,106,96.0,960,C_fuzzy_char_overlap,0.767,char_overlap=0.667,BX-FM_10-30-2025-Model.pdf,1,503.0,507.0
N_970,70.3,703,97.0,970,C_fuzzy_char_overlap,0.767,char_overlap=0.667,BX-FM_10-30-2025-Model.pdf,1,491.0,507.0
N_980,108.3,1083,98.0,980,C_fuzzy_char_overlap,0.767,char_overlap=0.667,BX-FM_10-30-2025-Model.pdf,1,536.0,437.5
N_990,109.2,1092,99.0,990,C_fuzzy_char_overlap,0.9,char_overlap=1.000,BX-FM_10-30-2025-Model.pdf,1,534.0,420.0
N_1020,102.4,1024,102.0,1020,C_fuzzy_char_overlap,0.9,char_overlap=1.000,BX-FM_10-30-2025-Model.pdf,1,390.0,436.5
N_1110,103.4,1034,111.0,1110,C_fuzzy_char_overlap,0.9,char_overlap=1.000,BX-FM_10-30-2025-Model.pdf,1,378.0,432.0
N_1140,103.4,1034,114.0,1140,C_fuzzy_char_overlap,0.9,char_overlap=1.000,BX-FM_10-30-2025-Model.pdf,1,363.0,343.5
N_1150,103.4,1034,115.0,1150,C_fuzzy_char_overlap,0.767,char_overlap=0.667,BX-FM_10-30-2025-Model.pdf,1,349.0,340.5
N_1161,106,106,116.1,1161,C_fuzzy_char_overlap,0.9,char_overlap=1.000,BX-FM_10-30-2025-Model.pdf,1,358.0,320.5
N_1160,106,106,116.0,1160,C_fuzzy_char_overlap,0.9,char_overlap=1.000,BX-FM_10-30-2025-Model.pdf,1,328.5,311.5
N_1162,126,126,116.2,1162,C_fuzzy_char_overlap,0.9,char_overlap=1.000,BX-FM_10-30-2025-Model.pdf,1,339.0,261.5
N_1500,103.4,1034,150.0,1500,C_fuzzy_char_overlap,0.767,char_overlap=0.667,BX-FM_10-30-2025-Model.pdf,1,504.0,332.5
N_1510,103.4,1034,151.0,1510,C_fuzzy_char_overlap,0.767,char_overlap=0.667,BX-FM_10-30-2025-Model.pdf,1,487.5,324.0
N_1530,103.4,1034,153.0,1530,C_fuzzy_char_overlap,0.8,char_overlap=0.750,BX-FM_10-30-2025-Model.pdf,1,451.0,342.5
N_1520,102.4,1024,152.0,1520,C_fuzzy_char_overlap,0.8,char_overlap=0.750,BX-FM_10-30-2025-Model.pdf,1,438.0,361.0
N_1540,103.4,1034,154.0,1540,C_fuzzy_char_overlap,0.8,char_overlap=0.750,BX-FM_10-30-2025-Model.pdf,1,437.0,338.5
N_1550,103.4,1034,155.0,1550,C_fuzzy_char_overlap,0.767,char_overlap=0.667,BX-FM_10-30-2025-Model.pdf,1,414.0,313.5
N_1560,106,106,156.0,1560,C_fuzzy_char_overlap,0.8,char_overlap=0.750,BX-FM_10-30-2025-Model.pdf,1,417.0,297.5
N_1580,108.3,1083,158.0,1580,C_fuzzy_char_overlap,0.8,char_overlap=0.750,BX-FM_10-30-2025-Model.pdf,1,401.0,275.0
N_1570,,,157.0,1570,,0.0,,BX-FM_10-30-2025-Model.pdf,1,415.5,267.5
N_1470,103.4,1034,147.0,1470,C_fuzzy_char_overlap,0.8,char_overlap=0.750,BX-FM_10-30-2025-Model.pdf,1,417.5,255.0
N_1590,109.2,1092,159.0,1590,C_fuzzy_char_overlap,0.8,char_overlap=0.750,BX-FM_10-30-2025-Model.pdf,1,383.0,252.5
N_1180,108.3,1083,118.0,1180,C_fuzzy_char_overlap,0.9,char_overlap=1.000,BX-FM_10-30-2025-Model.pdf,1,691.0,198.0
N_1181,71.8,718,118.1,1181,C_fuzzy_char_overlap,0.9,char_overlap=1.000,BX-FM_10-30-2025-Model.pdf,1,685.0,211.0
N_1221,27.1,271,122.1,1221,C_fuzzy_char_overlap,0.9,char_overlap=1.000,BX-FM_10-30-2025-Model.pdf,1,659.5,287.5
N_1230,103.4,1034,123.0,1230,C_fuzzy_char_overlap,0.8,char_overlap=0.750,BX-FM_10-30-2025-Model.pdf,1,600.5,308.5
N_1200,102.4,1024,120.0,1200,C_fuzzy_char_overlap,0.9,char_overlap=1.000,BX-FM_10-30-2025-Model.pdf,1,598.5,334.5
N_1190,109.2,1092,119.0,1190,C_fuzzy_char_overlap,0.9,char_overlap=1.000,BX-FM_10-30-2025-Model.pdf,1,614.5,337.5
N_1210,102.4,1024,121.0,1210,C_fuzzy_char_overlap,0.9,char_overlap=1.000,BX-FM_10-30-2025-Model.pdf,1,587.5,324.0
N_1250,102.4,1024,125.0,1250,C_fuzzy_char_overlap,0.8,char_overlap=0.750,BX-FM_10-30-2025-Model.pdf,1,596.5,218.5
N_1260,102.4,1024,126.0,1260,C_fuzzy_char_overlap,0.8,char_overlap=0.750,BX-FM_10-30-2025-Model.pdf,1,587.0,220.0
N_1300,103.4,1034,130.0,1300,C_fuzzy_char_overlap,0.9,char_overlap=1.000,BX-FM_10-30-2025-Model.pdf,1,548.5,284.5
N_1301,103.4,1034,130.1,1301,C_fuzzy_char_overlap,0.9,char_overlap=1.000,BX-FM_10-30-2025-Model.pdf,1,539.0,298.0
N_1410,103.4,1034,141.0,1410,C_fuzzy_char_overlap,0.9,char_overlap=1.000,BX-FM_10-30-2025-Model.pdf,1,516.5,295.0
N_1320,103.4,1034,132.0,1320,C_fuzzy_char_overlap,0.8,char_overlap=0.750,BX-FM_10-30-2025-Model.pdf,1,504.5,261.5
N_1310,103.4,1034,131.0,1310,C_fuzzy_char_overlap,0.9,char_overlap=1.000,BX-FM_10-30-2025-Model.pdf,1,506.5,237.0
N_1380,108.3,1083,138.0,1380,C_fuzzy_char_overlap,0.9,char_overlap=1.000,BX-FM_10-30-2025-Model.pdf,1,516.5,166.5
N_1370,70.3,703,137.0,1370,C_fuzzy_char_overlap,0.8,char_overlap=0.750,BX-FM_10-30-2025-Model.pdf,1,516.5,155.5
N_1390,103.4,1034,139.0,1390,C_fuzzy_char_overlap,0.8,char_overlap=0.750,BX-FM_10-30-2025-Model.pdf,1,502.5,166.5
N_1400,103.4,1034,140.0,1400,C_fuzzy_char_overlap,0.9,char_overlap=1.000,BX-FM_10-30-2025-Model.pdf,1,496.0,166.5
N_1360,103.4,1034,136.0,1360,C_fuzzy_char_overlap,0.8,char_overlap=0.750,BX-FM_10-30-2025-Model.pdf,1,490.0,154.0
N_1350,103.4,1034,135.0,1350,C_fuzzy_char_overlap,0.8,char_overlap=0.750,BX-FM_10-30-2025-Model.pdf,1,484.0,154.5
N_1330,103.4,1034,133.0,1330,C_fuzzy_char_overlap,0.9,char_overlap=1.000,BX-FM_10-30-2025-Model.pdf,1,471.0,187.5
N_1340,103.4,1034,134.0,1340,C_fuzzy_char_overlap,0.9,char_overlap=1.000,BX-FM_10-30-2025-Model.pdf,1,471.0,170.5
N_1780,71.8,718,178.0,1780,C_fuzzy_char_overlap,0.8,char_overlap=0.750,BX-FM_10-30-2025-Model.pdf,1,423.0,207.5
N_1790,109.2,1092,179.0,1790,C_fuzzy_char_overlap,0.8,char_overlap=0.750,BX-FM_10-30-2025-Model.pdf,1,425.0,192.5
N_1810,108.3,1083,181.0,1810,C_fuzzy_char_overlap,0.9,char_overlap=1.000,BX-FM_10-30-2025-Model.pdf,1,425.0,164.0
N_1800,108.3,1083,180.0,1800,C_fuzzy_char_overlap,0.9,char_overlap=1.000,BX-FM_10-30-2025-Model.pdf,1,425.0,144.5
N_1740,103.4,1034,174.0,1740,C_fuzzy_char_overlap,0.8,char_overlap=0.750,BX-FM_10-30-2025-Model.pdf,1,421.0,133.5
N_1730,70.3,703,173.0,1730,C_fuzzy_char_overlap,0.8,char_overlap=0.750,BX-FM_10-30-2025-Model.pdf,1,447.0,87.5
N_1720,27.1,271,172.0,1720,C_fuzzy_char_overlap,0.8,char_overlap=0.750,BX-FM_10-30-2025-Model.pdf,1,439.5,78.5
N_1710,27.1,271,171.0,1710,C_fuzzy_char_overlap,0.767,char_overlap=0.667,BX-FM_10-30-2025-Model.pdf,1,436.0,65.0
N_1690,106,106,169.0,1690,C_fuzzy_char_overlap,0.8,char_overlap=0.750,BX-FM_10-30-2025-Model.pdf,1,455.0,51.5
N_1750,,,175.0,1750,,0.0,,BX-FM_10-30-2025-Model.pdf,1,400.0,101.5
N_1760,106,106,176.0,1760,C_fuzzy_char_overlap,0.8,char_overlap=0.750,BX-FM_10-30-2025-Model.pdf,1,384.5,108.5
N_1770,27.1,271,177.0,1770,C_fuzzy_char_overlap,0.767,char_overlap=0.667,BX-FM_10-30-2025-Model.pdf,1,400.0,124.5
N_1640,103.4,1034,164.0,1640,C_fuzzy_char_overlap,0.8,char_overlap=0.750,BX-FM_10-30-2025-Model.pdf,1,554.0,89.5
N_1662,126,126,166.2,1662,C_fuzzy_char_overlap,0.9,char_overlap=1.000,BX-FM_10-30-2025-Model.pdf,1,508.5,66.5
N_1680,106,106,168.0,1680,C_fuzzy_char_overlap,0.8,char_overlap=0.750,BX-FM_10-30-2025-Model.pdf,1,499.0,85.5
N_1670,106,106,167.0,1670,C_fuzzy_char_overlap,0.8,char_overlap=0.750,BX-FM_10-30-2025-Model.pdf,1,501.0,65.5
N_1820,102.4,1024,182.0,1820,C_fuzzy_char_overlap,0.8,char_overlap=0.750,BX-FM_10-30-2025-Model.pdf,1,396.0,164.5
N_1840,103.4,1034,184.0,1840,C_fuzzy_char_overlap,0.8,char_overlap=0.750,BX-FM_10-30-2025-Model.pdf,1,382.0,172.5
N_1830,108.3,1083,183.0,1830,C_fuzzy_char_overlap,0.9,char_overlap=1.000,BX-FM_10-30-2025-Model.pdf,1,381.0,154.5
N_1880,108.3,1083,188.0,1880,C_fuzzy_char_overlap,0.9,char_overlap=1.000,BX-FM_10-30-2025-Model.pdf,1,387.0,194.0
N_1870,71.8,718,187.0,1870,C_fuzzy_char_overlap,0.8,char_overlap=0.750,BX-FM_10-30-2025-Model.pdf,1,373.0,214.5
N_1860,106,106,186.0,1860,C_fuzzy_char_overlap,0.8,char_overlap=0.750,BX-FM_10-30-2025-Model.pdf,1,358.0,204.5
N_1850,108.3,1083,185.0,1850,C_fuzzy_char_overlap,0.8,char_overlap=0.750,BX-FM_10-30-2025-Model.pdf,1,361.5,221.5
N_1890,108.3,1083,189.0,1890,C_fuzzy_char_overlap,0.8,char_overlap=0.750,BX-FM_10-30-2025-Model.pdf,1,363.0,156.5
N_1900,109.2,1092,190.0,1900,C_fuzzy_char_overlap,0.9,char_overlap=1.000,BX-FM_10-30-2025-Model.pdf,1,363.5,168.5
N_1910,109.2,1092,191.0,1910,C_fuzzy_char_overlap,0.9,char_overlap=1.000,BX-FM_10-30-2025-Model.pdf,1,347.5,163.0
N_1920,109.2,1092,192.0,1920,C_fuzzy_char_overlap,0.9,char_overlap=1.000,BX-FM_10-30-2025-Model.pdf,1,342.0,151.5
N_1930,103.4,1034,193.0,1930,C_fuzzy_char_overlap,0.8,char_overlap=0.750,BX-FM_10-30-2025-Model.pdf,1,329.0,151.5
N_2280,28,28,228.0,2280,C_fuzzy_char_overlap,0.767,char_overlap=0.667,BX-FM_10-30-2025-Model.pdf,1,200.0,162.0
N_2290,109.2,1092,229.0,2290,C_fuzzy_char_overlap,0.9,char_overlap=1.000,BX-FM_10-30-2025-Model.pdf,1,202.0,178.0
N_2300,70.3,703,230.0,2300,C_fuzzy_char_overlap,0.767,char_overlap=0.667,BX-FM_10-30-2025-Model.pdf,1,186.5,169.0
N_910,109.2,1092,91.0,910,C_fuzzy_char_overlap,0.9,char_overlap=1.000,BX-FM_10-30-2025-Model.pdf,1,413.0,521.5
N_900,109.2,1092,90.0,900,C_fuzzy_char_overlap,0.9,char_overlap=1.000,BX-FM_10-30-2025-Model.pdf,1,428.0,512.0
N_1030,103.4,1034,103.0,1030,C_fuzzy_char_overlap,0.9,char_overlap=1.000,BX-FM_10-30-2025-Model.pdf,1,300.0,528.5
N_1040,103.4,1034,104.0,1040,C_fuzzy_char_overlap,0.9,char_overlap=1.000,BX-FM_10-30-2025-Model.pdf,1,296.0,511.5
N_1050,103.4,1034,105.0,1050,C_fuzzy_char_overlap,0.767,char_overlap=0.667,BX-FM_10-30-2025-Model.pdf,1,315.5,507.5
N_1060,106,106,106.0,1060,C_fuzzy_char_overlap,0.9,char_overlap=1.000,BX-FM_10-30-2025-Model.pdf,1,337.0,521.0
N_901,109.2,1092,90.1,901,C_fuzzy_char_overlap,0.9,char_overlap=1.000,BX-FM_10-30-2025-Model.pdf,1,303.5,499.0
N_1070,27.1,271,107.0,1070,C_fuzzy_char_overlap,0.767,char_overlap=0.667,BX-FM_10-30-2025-Model.pdf,1,312.5,437.5
N_1080,108.3,1083,108.0,1080,C_fuzzy_char_overlap,0.9,char_overlap=1.000,BX-FM_10-30-2025-Model.pdf,1,326.0,442.5
N_943,49,49,94.3,943,C_fuzzy_char_overlap,0.767,char_overlap=0.667,BX-FM_10-30-2025-Model.pdf,1,347.5,412.0
N_951,159.1,1591,95.1,951,C_fuzzy_char_overlap,0.9,char_overlap=1.000,BX-FM_10-30-2025-Model.pdf,1,311.5,362.0
N_954,49,49,95.4,954,C_fuzzy_char_overlap,0.767,char_overlap=0.667,BX-FM_10-30-2025-Model.pdf,1,366.5,363.0
N_1090,109.2,1092,109.0,1090,C_fuzzy_char_overlap,0.9,char_overlap=1.000,BX-FM_10-30-2025-Model.pdf,1,320.0,413.5
N_953,93,93,95.3,953,C_fuzzy_char_overlap,0.767,char_overlap=0.667,BX-FM_10-30-2025-Model.pdf,1,348.5,361.0
N_1130,103.4,1034,113.0,1130,C_fuzzy_char_overlap,0.9,char_overlap=1.000,BX-FM_10-30-2025-Model.pdf,1,349.5,385.5
N_952,65.25,6525,95.2,952,C_fuzzy_char_overlap,0.767,char_overlap=0.667,BX-FM_10-30-2025-Model.pdf,1,335.0,374.0
N_1440,103.4,1034,144.0,1440,C_fuzzy_char_overlap,0.9,char_overlap=1.000,BX-FM_10-30-2025-Model.pdf,1,453.5,257.5
N_1430,103.4,1034,143.0,1430,C_fuzzy_char_overlap,0.9,char_overlap=1.000,BX-FM_10-30-2025-Model.pdf,1,446.5,274.5
N_1450,103.4,1034,145.0,1450,C_fuzzy_char_overlap,0.8,char_overlap=0.750,BX-FM_10-30-2025-Model.pdf,1,440.0,255.5
N_1460,103.4,1034,146.0,1460,C_fuzzy_char_overlap,0.8,char_overlap=0.750,BX-FM_10-30-2025-Model.pdf,1,420.0,230.0
N_1600,106,106,160.0,1600,C_fuzzy_char_overlap,0.9,char_overlap=1.000,BX-FM_10-30-2025-Model.pdf,1,329.0,257.5
N_1620,102.4,1024,162.0,1620,C_fuzzy_char_overlap,0.8,char_overlap=0.750,BX-FM_10-30-2025-Model.pdf,1,326.0,236.5
N_1630,103.4,1034,163.0,1630,C_fuzzy_char_overlap,0.8,char_overlap=0.750,BX-FM_10-30-2025-Model.pdf,1,289.0,257.0
N_1700,27.1,271,170.0,1700,C_fuzzy_char_overlap,0.767,char_overlap=0.667,BX-FM_10-30-2025-Model.pdf,1,450.0,67.5
N_1531,153,153,153.1,1531,C_fuzzy_char_overlap,0.9,char_overlap=1.000,BX-FM_10-30-2025-Model.pdf,1,369.5,143.0
N_1940,103.4,1034,194.0,1940,C_fuzzy_char_overlap,0.8,char_overlap=0.750,BX-FM_10-30-2025-Model.pdf,1,16.5,375.5
N_1950,109.2,1092,195.0,1950,C_fuzzy_char_overlap,0.8,char_overlap=0.750,BX-FM_10-30-2025-Model.pdf,1,32.5,387.5
N_1960,106,106,196.0,1960,C_fuzzy_char_overlap,0.8,char_overlap=0.750,BX-FM_10-30-2025-Model.pdf,1,66.0,388.5
N_1970,109.2,1092,197.0,1970,C_fuzzy_char_overlap,0.8,char_overlap=0.750,BX-FM_10-30-2025-Model.pdf,1,63.5,342.5
N_1980,108.3,1083,198.0,1980,C_fuzzy_char_overlap,0.8,char_overlap=0.750,BX-FM_10-30-2025-Model.pdf,1,59.0,320.5
N_1990,109.2,1092,199.0,1990,C_fuzzy_char_overlap,0.9,char_overlap=1.000,BX-FM_10-30-2025-Model.pdf,1,73.5,327.5
N_2200,102.4,1024,220.0,2200,C_fuzzy_char_overlap,0.9,char_overlap=1.000,BX-FM_10-30-2025-Model.pdf,1,110.0,343.0
N_2210,102.4,1024,221.0,2210,C_fuzzy_char_overlap,0.9,char_overlap=1.000,BX-FM_10-30-2025-Model.pdf,1,155.0,344.0
N_2220,102.4,1024,222.0,2220,C_fuzzy_char_overlap,0.9,char_overlap=1.000,BX-FM_10-30-2025-Model.pdf,1,158.0,329.5
N_2010,102.4,1024,201.0,2010,C_fuzzy_char_overlap,0.9,char_overlap=1.000,BX-FM_10-30-2025-Model.pdf,1,99.0,272.0
N_2000,102.4,1024,200.0,2000,C_fuzzy_char_overlap,0.9,char_overlap=1.000,BX-FM_10-30-2025-Model.pdf,1,114.5,271.5
N_2020,102.4,1024,202.0,2020,C_fuzzy_char_overlap,0.9,char_overlap=1.000,BX-FM_10-30-2025-Model.pdf,1,118.0,257.0
N_2030,70.3,703,203.0,2030,C_fuzzy_char_overlap,0.767,char_overlap=0.667,BX-FM_10-30-2025-Model.pdf,1,112.0,245.0
N_2040,102.4,1024,204.0,2040,C_fuzzy_char_overlap,0.9,char_overlap=1.000,BX-FM_10-30-2025-Model.pdf,1,134.0,267.0
N_2050,65.25,6525,205.0,2050,C_fuzzy_char_overlap,0.767,char_overlap=0.667,BX-FM_10-30-2025-Model.pdf,1,141.0,252.0
N_2250,65.25,6525,225.0,2250,C_fuzzy_char_overlap,0.767,char_overlap=0.667,BX-FM_10-30-2025-Model.pdf,1,156.0,254.0
N_2230,70.3,703,223.0,2230,C_fuzzy_char_overlap,0.767,char_overlap=0.667,BX-FM_10-30-2025-Model.pdf,1,161.0,269.0
N_2240,102.4,1024,224.0,2240,C_fuzzy_char_overlap,0.9,char_overlap=1.000,BX-FM_10-30-2025-Model.pdf,1,168.0,265.0
N_2260,65.25,6525,226.0,2260,C_fuzzy_char_overlap,0.767,char_overlap=0.667,BX-FM_10-30-2025-Model.pdf,1,141.0,221.0
N_2270,27.1,271,227.0,2270,C_fuzzy_char_overlap,0.767,char_overlap=0.667,BX-FM_10-30-2025-Model.pdf,1,155.0,230.0
N_2310,103.4,1034,231.0,2310,C_fuzzy_char_overlap,0.8,char_overlap=0.750,BX-FM_10-30-2025-Model.pdf,1,202.0,258.5
N_2320,70.3,703,232.0,2320,C_fuzzy_char_overlap,0.767,char_overlap=0.667,BX-FM_10-30-2025-Model.pdf,1,214.0,251.0
N_2190,109.2,1092,219.0,2190,C_fuzzy_char_overlap,0.9,char_overlap=1.000,BX-FM_10-30-2025-Model.pdf,1,157.5,419.5
N_2180,102.4,1024,218.0,2180,C_fuzzy_char_overlap,0.8,char_overlap=0.750,BX-FM_10-30-2025-Model.pdf,1,151.0,435.5
N_2160,102.4,1024,216.0,2160,C_fuzzy_char_overlap,0.8,char_overlap=0.750,BX-FM_10-30-2025-Model.pdf,1,106.5,410.5
N_2170,27.1,271,217.0,2170,C_fuzzy_char_overlap,0.8,char_overlap=0.750,BX-FM_10-30-2025-Model.pdf,1,104.0,433.0
N_2150,102.4,1024,215.0,2150,C_fuzzy_char_overlap,0.8,char_overlap=0.750,BX-FM_10-30-2025-Model.pdf,1,72.0,433.0
N_2130,103.4,1034,213.0,2130,C_fuzzy_char_overlap,0.8,char_overlap=0.750,BX-FM_10-30-2025-Model.pdf,1,42.0,411.0
N_2120,102.4,1024,212.0,2120,C_fuzzy_char_overlap,0.9,char_overlap=1.000,BX-FM_10-30-2025-Model.pdf,1,35.5,416.5
N_2140,102.4,1024,214.0,2140,C_fuzzy_char_overlap,0.9,char_overlap=1.000,BX-FM_10-30-2025-Model.pdf,1,49.0,430.0
N_2100,102.4,1024,210.0,2100,C_fuzzy_char_overlap,0.9,char_overlap=1.000,BX-FM_10-30-2025-Model.pdf,1,151.0,529.5
N_2110,102.4,1024,211.0,2110,C_fuzzy_char_overlap,0.9,char_overlap=1.000,BX-FM_10-30-2025-Model.pdf,1,153.0,509.5
N_2070,27.1,271,207.0,2070,C_fuzzy_char_overlap,0.767,char_overlap=0.667,BX-FM_10-30-2025-Model.pdf,1,178.0,535.0
N_2060,65.25,6525,206.0,2060,C_fuzzy_char_overlap,0.767,char_overlap=0.667,BX-FM_10-30-2025-Model.pdf,1,186.0,519.0
N_2090,109.2,1092,209.0,2090,C_fuzzy_char_overlap,0.9,char_overlap=1.000,BX-FM_10-30-2025-Model.pdf,1,169.0,464.0
N_2080,28,28,208.0,2080,C_fuzzy_char_overlap,0.767,char_overlap=0.667,BX-FM_10-30-2025-Model.pdf,1,185.0,464.0
N_2330,70.3,703,233.0,2330,C_fuzzy_char_overlap,0.767,char_overlap=0.667,BX-FM_10-30-2025-Model.pdf,1,331.0,114.0
N_2340,103.4,1034,234.0,2340,C_fuzzy_char_overlap,0.8,char_overlap=0.750,BX-FM_10-30-2025-Model.pdf,1,300.0,96.0
N_2350,,,235.0,2350,,0.0,,BX-FM_10-30-2025-Model.pdf,1,229.0,121.5
N_1850,108.3,1083,185.0,1850,C_fuzzy_char_overlap,0.8,char_overlap=0.750,BX-FM_10-30-2025-Model.pdf,1,341.5,112.0
N_1860,106,106,186.0,1860,C_fuzzy_char_overlap,0.8,char_overlap=0.750,BX-FM_10-30-2025-Model.pdf,1,309.5,94.0
N_1870,71.8,718,187.0,1870,C_fuzzy_char_overlap,0.8,char_overlap=0.750,BX-FM_10-30-2025-Model.pdf,1,220.0,120.0
N_1000,103.4,1034,100.0,1000,C_fuzzy_char_overlap,0.9,char_overlap=1.000,BX-FM_10-30-2025-Model.pdf,1,438.0,404.5
N_880,108.3,1083,88.0,880,C_fuzzy_char_overlap,0.9,char_overlap=1.000,BX-FM_10-30-2025-Model.pdf,1,419.5,391.0
N_881,71.8,718,88.1,881,C_fuzzy_char_overlap,0.9,char_overlap=1.000,BX-FM_10-30-2025-Model.pdf,1,447.5,444.0
N_781,71.8,718,78.1,781,C_fuzzy_char_overlap,0.9,char_overlap=1.000,BX-FM_10-30-2025-Model.pdf,1,452.5,620.5
N_811,81.1,811,81.1,811,A_exact_norm,0.98,excel_norm=811,BX-FM_10-30-2025-Model.pdf,1,399.5,544.0
N_831,108.3,1083,83.1,831,C_fuzzy_char_overlap,0.9,char_overlap=1.000,BX-FM_10-30-2025-Model.pdf,1,421.5,458.5
N_941,41,41,94.1,941,C_fuzzy_char_overlap,0.767,char_overlap=0.667,BX-FM_10-30-2025-Model.pdf,1,335.5,439.0
N_1142,102.4,1024,114.2,1142,C_fuzzy_char_overlap,0.9,char_overlap=1.000,BX-FM_10-30-2025-Model.pdf,1,526.0,168.5
N_261,126,126,26.1,261,C_fuzzy_char_overlap,0.9,char_overlap=1.000,BX-FM_10-30-2025-Model.pdf,1,307.5,851.0
N_301,103.4,1034,30.1,301,C_fuzzy_char_overlap,0.9,char_overlap=1.000,BX-FM_10-30-2025-Model.pdf,1,325.5,838.0
N_944,49,49,94.4,944,C_fuzzy_char_overlap,0.9,char_overlap=1.000,BX-FM_10-30-2025-Model.pdf,1,356.5,437.5
N_961,169,169,96.1,961,C_fuzzy_char_overlap,0.9,char_overlap=1.000,BX-FM_10-30-2025-Model.pdf,1,330.5,346.0
N_1151,156,156,115.1,1151,C_fuzzy_char_overlap,0.9,char_overlap=1.000,BX-FM_10-30-2025-Model.pdf,1,340.5,345.0
N_971,27.1,271,97.1,971,C_fuzzy_char_overlap,0.767,char_overlap=0.667,BX-FM_10-30-2025-Model.pdf,1,336.5,302.0
N_1163,136.2,1362,116.3,1163,C_fuzzy_char_overlap,0.9,char_overlap=1.000,BX-FM_10-30-2025-Model.pdf,1,330.5,270.5
N_1164,41,41,116.4,1164,C_fuzzy_char_overlap,0.767,char_overlap=0.667,BX-FM_10-30-2025-Model.pdf,1,337.5,283.5
N_1121,27.1,271,112.1,1121,C_fuzzy_char_overlap,0.9,char_overlap=1.000,BX-FM_10-30-2025-Model.pdf,1,327.5,369.5
N_1122,27.1,271,112.2,1122,C_fuzzy_char_overlap,0.9,char_overlap=1.000,BX-FM_10-30-2025-Model.pdf,1,338.0,391.0
N_1101,103.4,1034,110.1,1101,C_fuzzy_char_overlap,0.9,char_overlap=1.000,BX-FM_10-30-2025-Model.pdf,1,348.0,436.5
N_942,49,49,94.2,942,C_fuzzy_char_overlap,0.767,char_overlap=0.667,BX-FM_10-30-2025-Model.pdf,1,345.5,454.0
N_1061,106,106,106.1,1061,C_fuzzy_char_overlap,0.9,char_overlap=1.000,BX-FM_10-30-2025-Model.pdf,1,347.0,524.5
N_1650,106,106,165.0,1650,C_fuzzy_char_overlap,0.8,char_overlap=0.750,BX-FM_10-30-2025-Model.pdf,1,542.5,77.5
N_1033,103.4,1034,103.3,1033,C_fuzzy_char_overlap,0.9,char_overlap=1.000,BX-FM_10-30-2025-Model.pdf,1,577.5,314.5
N_1232,113.2,1132,123.2,1232,C_fuzzy_char_overlap,0.9,char_overlap=1.000,BX-FM_10-30-2025-Model.pdf,1,596.5,288.5
N_1233,113.2,1132,123.3,1233,C_fuzzy_char_overlap,0.9,char_overlap=1.000,BX-FM_10-30-2025-Model.pdf,1,584.5,296.5
N_1035,103.4,1034,103.5,1035,C_fuzzy_char_overlap,0.8,char_overlap=0.750,BX-FM_10-30-2025-Model.pdf,1,616.0,269.0
N_1040,103.4,1034,104.0,1040,C_fuzzy_char_overlap,0.9,char_overlap=1.000,BX-FM_10-30-2025-Model.pdf,1,602.5,263.0
N_1034,103.4,1034,103.4,1034,A_exact_norm,0.98,excel_norm=1034,BX-FM_10-30-2025-Model.pdf,1,581.0,271.5
N_1240,102.4,1024,124.0,1240,C_fuzzy_char_overlap,0.9,char_overlap=1.000,BX-FM_10-30-2025-Model.pdf,1,633.5,155.5
N_1234,103.4,1034,123.4,1234,C_fuzzy_char_overlap,0.8,char_overlap=0.750,BX-FM_10-30-2025-Model.pdf,1,611.5,284.5
N_1243,103.4,1034,124.3,1243,C_fuzzy_char_overlap,0.8,char_overlap=0.750,BX-FM_10-30-2025-Model.pdf,1,611.5,165.5
N_1244,102.4,1024,124.4,1244,C_fuzzy_char_overlap,0.9,char_overlap=1.000,BX-FM_10-30-2025-Model.pdf,1,605.5,176.5
N_1651,156,156,165.1,1651,C_fuzzy_char_overlap,0.9,char_overlap=1.000,BX-FM_10-30-2025-Model.pdf,1,551.5,158.0
N_1652,65.25,6525,165.2,1652,C_fuzzy_char_overlap,0.8,char_overlap=0.750,BX-FM_10-30-2025-Model.pdf,1,554.5,142.5
N_1653,156,156,165.3,1653,C_fuzzy_char_overlap,0.8,char_overlap=0.750,BX-FM_10-30-2025-Model.pdf,1,550.5,130.5
N_1654,156,156,165.4,1654,C_fuzzy_char_overlap,0.8,char_overlap=0.750,BX-FM_10-30-2025-Model.pdf,1,543.5,131.5
N_1656,156,156,165.6,1656,C_fuzzy_char_overlap,0.9,char_overlap=1.000,BX-FM_10-30-2025-Model.pdf,1,527.5,109.5
N_1657,156,156,165.7,1657,C_fuzzy_char_overlap,0.8,char_overlap=0.750,BX-FM_10-30-2025-Model.pdf,1,525.5,125.5
N_1052,102.4,1024,105.2,1052,C_fuzzy_char_overlap,0.8,char_overlap=0.750,BX-FM_10-30-2025-Model.pdf,1,616.0,186.5
N_1053,103.4,1034,105.3,1053,C_fuzzy_char_overlap,0.8,char_overlap=0.750,BX-FM_10-30-2025-Model.pdf,1,590.0,150.5
N_1050,103.4,1034,105.0,1050,C_fuzzy_char_overlap,0.767,char_overlap=0.667,BX-FM_10-30-2025-Model.pdf,1,645.5,165.5
N_1141,41,41,114.1,1141,C_fuzzy_char_overlap,0.9,char_overlap=1.000,BX-FM_10-30-2025-Model.pdf,1,522.5,189.0
N_1131,113.1,1131,113.1,1131,A_exact_norm,0.98,excel_norm=1131,BX-FM_10-30-2025-Model.pdf,1,492.5,183.0
N_1132,113.2,1132,113.2,1132,A_exact_norm,0.98,excel_norm=1132,BX-FM_10-30-2025-Model.pdf,1,508.0,189.0
N_1361,136.2,1362,136.1,1361,C_fuzzy_char_overlap,0.9,char_overlap=1.000,BX-FM_10-30-2025-Model.pdf,1,562.0,157.5
N_1363,136.2,1362,136.3,1363,C_fuzzy_char_overlap,0.9,char_overlap=1.000,BX-FM_10-30-2025-Model.pdf,1,559.0,127.0
N_1366,136.2,1362,136.6,1366,C_fuzzy_char_overlap,0.9,char_overlap=1.000,BX-FM_10-30-2025-Model.pdf,1,564.0,102.0
N_1365,156,156,136.5,1365,C_fuzzy_char_overlap,0.8,char_overlap=0.750,BX-FM_10-30-2025-Model.pdf,1,533.5,129.0
N_1367,136.2,1362,136.7,1367,C_fuzzy_char_overlap,0.8,char_overlap=0.750,BX-FM_10-30-2025-Model.pdf,1,514.0,104.0
N_1010,103.4,1034,101.0,1010,C_fuzzy_char_overlap,0.9,char_overlap=1.000,BX-FM_10-30-2025-Model.pdf,1,737.5,230.0
N_1170,27.1,271,117.0,1170,C_fuzzy_char_overlap,0.767,char_overlap=0.667,BX-FM_10-30-2025-Model.pdf,1,729.5,244.5
N_1171,27.1,271,117.1,1171,C_fuzzy_char_overlap,0.9,char_overlap=1.000,BX-FM_10-30-2025-Model.pdf,1,722.0,216.0
N_1172,27.1,271,117.2,1172,C_fuzzy_char_overlap,0.9,char_overlap=1.000,BX-FM_10-30-2025-Model.pdf,1,713.5,239.5
N_1192,109.2,1092,119.2,1192,C_fuzzy_char_overlap,0.9,char_overlap=1.000,BX-FM_10-30-2025-Model.pdf,1,607.0,352.5
N_1022,102.4,1024,102.2,1022,C_fuzzy_char_overlap,0.9,char_overlap=1.000,BX-FM_10-30-2025-Model.pdf,1,624.0,326.5
N_1021,102.1,1021,102.1,1021,A_exact_norm,0.98,excel_norm=1021,BX-FM_10-30-2025-Model.pdf,1,601.0,367.5
N_1023,103.4,1034,102.3,1023,C_fuzzy_char_overlap,0.8,char_overlap=0.750,BX-FM_10-30-2025-Model.pdf,1,586.5,358.0
N_1220,102.4,1024,122.0,1220,C_fuzzy_char_overlap,0.9,char_overlap=1.000,BX-FM_10-30-2025-Model.pdf,1,670.5,291.5
N_1231,113.2,1132,123.1,1231,C_fuzzy_char_overlap,0.9,char_overlap=1.000,BX-FM_10-30-2025-Model.pdf,1,596.0,309.0
N_1222,27.1,271,122.2,1222,C_fuzzy_char_overlap,0.9,char_overlap=1.000,BX-FM_10-30-2025-Model.pdf,1,659.5,308.5
N_1245,102.4,1024,124.5,1245,C_fuzzy_char_overlap,0.8,char_overlap=0.750,BX-FM_10-30-2025-Model.pdf,1,605.5,152.5
N_1246,102.4,1024,124.6,1246,C_fuzzy_char_overlap,0.8,char_overlap=0.750,BX-FM_10-30-2025-Model.pdf,1,596.5,164.5
N_1054,103.4,1034,105.4,1054,C_fuzzy_char_overlap,0.8,char_overlap=0.750,BX-FM_10-30-2025-Model.pdf,1,586.5,172.5
N_1302,103.4,1034,130.2,1302,C_fuzzy_char_overlap,0.8,char_overlap=0.750,BX-FM_10-30-2025-Model.pdf,1,552.5,214.5
N_1303,103.4,1034,130.3,1303,C_fuzzy_char_overlap,0.9,char_overlap=1.000,BX-FM_10-30-2025-Model.pdf,1,537.5,207.5
N_1101,103.4,1034,110.1,1101,C_fuzzy_char_overlap,0.9,char_overlap=1.000,BX-FM_10-30-2025-Model.pdf,1,556.0,194.5
N_1102,102.4,1024,110.2,1102,C_fuzzy_char_overlap,0.9,char_overlap=1.000,BX-FM_10-30-2025-Model.pdf,1,533.5,231.5
N_1655,156,156,165.5,1655,C_fuzzy_char_overlap,0.9,char_overlap=1.000,BX-FM_10-30-2025-Model.pdf,1,539.5,145.5
N_1362,136.2,1362,136.2,1362,A_exact_norm,0.98,excel_norm=1362,BX-FM_10-30-2025-Model.pdf,1,573.5,127.0
N_1364,103.4,1034,136.4,1364,C_fuzzy_char_overlap,0.8,char_overlap=0.750,BX-FM_10-30-2025-Model.pdf,1,541.5,163.5
N_1368,108.3,1083,136.8,1368,C_fuzzy_char_overlap,0.8,char_overlap=0.750,BX-FM_10-30-2025-Model.pdf,1,513.0,138.5
N_1369,136.2,1362,136.9,1369,C_fuzzy_char_overlap,0.8,char_overlap=0.750,BX-FM_10-30-2025-Model.pdf,1,493.5,103.0
N_1371,27.1,271,137.1,1371,C_fuzzy_char_overlap,0.767,char_overlap=0.667,BX-FM_10-30-2025-Model.pdf,1,518.0,53.5
N_1372,27.1,271,137.2,1372,C_fuzzy_char_overlap,0.8,char_overlap=0.750,BX-FM_10-30-2025-Model.pdf,1,503.5,52.0
N_1371,27.1,271,137.1,1371,C_fuzzy_char_overlap,0.767,char_overlap=0.667,BX-FM_10-30-2025-Model.pdf,1,508.5,149.0
N_1031,103.4,1034,103.1,1031,C_fuzzy_char_overlap,0.9,char_overlap=1.000,BX-FM_10-30-2025-Model.pdf,1,618.0,306.5
N_1032,103.4,1034,103.2,1032,C_fuzzy_char_overlap,0.8,char_overlap=0.750,BX-FM_10-30-2025-Model.pdf,1,625.5,286.5
N_1658,156,156,165.8,1658,C_fuzzy_char_overlap,0.8,char_overlap=0.750,BX-FM_10-30-2025-Model.pdf,1,516.5,121.0
N_1659,156,156,165.9,1659,C_fuzzy_char_overlap,0.8,char_overlap=0.750,BX-FM_10-30-2025-Model.pdf,1,516.5,128.5
N_1660,106,106,166.0,1660,C_fuzzy_char_overlap,0.9,char_overlap=1.000,BX-FM_10-30-2025-Model.pdf,1,517.5,84.5
N_1661,106,106,166.1,1661,C_fuzzy_char_overlap,0.9,char_overlap=1.000,BX-FM_10-30-2025-Model.pdf,1,520.5,68.0
N_1242,102.4,1024,124.2,1242,C_fuzzy_char_overlap,0.9,char_overlap=1.000,BX-FM_10-30-2025-Model.pdf,1,621.5,167.5
N_1241,102.4,1024,124.1,1241,C_fuzzy_char_overlap,0.9,char_overlap=1.000,BX-FM_10-30-2025-Model.pdf,1,622.0,148.0
N_1051,103.4,1034,105.1,1051,C_fuzzy_char_overlap,0.767,char_overlap=0.667,BX-FM_10-30-2025-Model.pdf,1,631.0,175.0
N_1090,109.2,1092,109.0,1090,C_fuzzy_char_overlap,0.9,char_overlap=1.000,BX-FM_10-30-2025-Model.pdf,1,566.5,278.0
N_1091,109.2,1092,109.1,1091,C_fuzzy_char_overlap,0.9,char_overlap=1.000,BX-FM_10-30-2025-Model.pdf,1,563.0,307.5
N_1092,109.2,1092,109.2,1092,A_exact_norm,0.98,excel_norm=1092,BX-FM_10-30-2025-Model.pdf,1,543.0,313.0
N_1290,109.2,1092,129.0,1290,C_fuzzy_char_overlap,0.9,char_overlap=1.000,BX-FM_10-30-2025-Model.pdf,1,576.5,284.0
N_1291,109.2,1092,129.1,1291,C_fuzzy_char_overlap,0.9,char_overlap=1.000,BX-FM_10-30-2025-Model.pdf,1,579.5,299.0
N_1280,102.4,1024,128.0,1280,C_fuzzy_char_overlap,0.8,char_overlap=0.750,BX-FM_10-30-2025-Model.pdf,1,554.5,259.5
N_1281,128,128,128.1,1281,C_fuzzy_char_overlap,0.9,char_overlap=1.000,BX-FM_10-30-2025-Model.pdf,1,552.5,256.0
N_1282,128,128,128.2,1282,C_fuzzy_char_overlap,0.9,char_overlap=1.000,BX-FM_10-30-2025-Model.pdf,1,556.5,254.5
N_1270,27.1,271,127.0,1270,C_fuzzy_char_overlap,0.8,char_overlap=0.750,BX-FM_10-30-2025-Model.pdf,1,554.5,240.0
N_1272,27.1,271,127.2,1272,C_fuzzy_char_overlap,0.9,char_overlap=1.000,BX-FM_10-30-2025-Model.pdf,1,556.0,246.0
N_1271,27.1,271,127.1,1271,C_fuzzy_char_overlap,0.9,char_overlap=1.000,BX-FM_10-30-2025-Model.pdf,1,552.5,247.5
N_1011,103.4,1034,101.1,1011,C_fuzzy_char_overlap,0.9,char_overlap=1.000,BX-FM_10-30-2025-Model.pdf,1,706.0,204.0
N_1305,103.4,1034,130.5,1305,C_fuzzy_char_overlap,0.8,char_overlap=0.750,BX-FM_10-30-2025-Model.pdf,1,529.0,259.0
N_1304,103.4,1034,130.4,1304,C_fuzzy_char_overlap,0.9,char_overlap=1.000,BX-FM_10-30-2025-Model.pdf,1,528.5,244.5
N_1103,103.4,1034,110.3,1103,C_fuzzy_char_overlap,0.9,char_overlap=1.000,BX-FM_10-30-2025-Model.pdf,1,514.0,274.0
N_1081,108.1,1081,108.1,1081,A_exact_norm,0.98,excel_norm=1081,BX-FM_10-30-2025-Model.pdf,1,573.0,238.5
N_1084,103.4,1034,108.4,1084,C_fuzzy_char_overlap,0.8,char_overlap=0.750,BX-FM_10-30-2025-Model.pdf,1,581.0,241.0
N_1082,102.4,1024,108.2,1082,C_fuzzy_char_overlap,0.8,char_overlap=0.750,BX-FM_10-30-2025-Model.pdf,1,559.0,264.5
N_1083,108.3,1083,108.3,1083,A_exact_norm,0.98,excel_norm=1083,BX-FM_10-30-2025-Model.pdf,1,569.5,260.0
N_840,48,48,84.0,840,C_fuzzy_char_overlap,0.767,char_overlap=0.667,BX-FM_10-30-2025-Model2.pdf,1,247.5,1171.5
N_850,108.3,1083,85.0,850,C_fuzzy_char_overlap,0.767,char_overlap=0.667,BX-FM_10-30-2025-Model2.pdf,1,158.5,1167.0
N_860,106,106,86.0,860,C_fuzzy_char_overlap,0.767,char_overlap=0.667,BX-FM_10-30-2025-Model2.pdf,1,300.5,981.5
N_870,70.3,703,87.0,870,C_fuzzy_char_overlap,0.767,char_overlap=0.667,BX-FM_10-30-2025-Model2.pdf,1,157.5,984.0
N_1024,102.4,1024,102.4,1024,A_exact_norm,0.98,excel_norm=1024,BX-FM_10-30-2025-Model2.pdf,1,422.0,720.0
N_1030,103.4,1034,103.0,1030,C_fuzzy_char_overlap,0.9,char_overlap=1.000,BX-FM_10-30-2025-Model2.pdf,1,574.5,685.5
N_1020,102.4,1024,102.0,1020,C_fuzzy_char_overlap,0.9,char_overlap=1.000,BX-FM_10-30-2025-Model2.pdf,1,465.5,791.0
N_1060,106,106,106.0,1060,C_fuzzy_char_overlap,0.9,char_overlap=1.000,BX-FM_10-30-2025-Model2.pdf,1,419.5,455.0
N_1070,27.1,271,107.0,1070,C_fuzzy_char_overlap,0.767,char_overlap=0.667,BX-FM_10-30-2025-Model2.pdf,1,432.5,512.0
N_1100,103.4,1034,110.0,1100,C_fuzzy_char_overlap,0.9,char_overlap=1.000,BX-FM_10-30-2025-Model2.pdf,1,258.5,604.0
N_1080,108.3,1083,108.0,1080,C_fuzzy_char_overlap,0.9,char_overlap=1.000,BX-FM_10-30-2025-Model2.pdf,1,333.0,520.5
N_1160,106,106,116.0,1160,C_fuzzy_char_overlap,0.9,char_overlap=1.000,BX-FM_10-30-2025-Model2.pdf,1,257.5,692.0
N_1220,102.4,1024,122.0,1220,C_fuzzy_char_overlap,0.9,char_overlap=1.000,BX-FM_10-30-2025-Model2.pdf,1,255.0,801.5
N_1230,103.4,1034,123.0,1230,C_fuzzy_char_overlap,0.8,char_overlap=0.750,BX-FM_10-30-2025-Model2.pdf,1,174.5,790.0
N_1240,102.4,1024,124.0,1240,C_fuzzy_char_overlap,0.9,char_overlap=1.000,BX-FM_10-30-2025-Model2.pdf,1,141.5,769.5
N_1250,102.4,1024,125.0,1250,C_fuzzy_char_overlap,0.8,char_overlap=0.750,BX-FM_10-30-2025-Model2.pdf,1,85.5,825.0
N_1270,27.1,271,127.0,1270,C_fuzzy_char_overlap,0.8,char_overlap=0.750,BX-FM_10-30-2025-Model2.pdf,1,96.0,696.5
N_1110,103.4,1034,111.0,1110,C_fuzzy_char_overlap,0.9,char_overlap=1.000,BX-FM_10-30-2025-Model2.pdf,1,231.5,513.0
N_1170,27.1,271,117.0,1170,C_fuzzy_char_overlap,0.767,char_overlap=0.667,BX-FM_10-30-2025-Model2.pdf,1,163.5,590.5
N_1180,108.3,1083,118.0,1180,C_fuzzy_char_overlap,0.9,char_overlap=1.000,BX-FM_10-30-2025-Model2.pdf,1,100.5,612.5
N_1190,109.2,1092,119.0,1190,C_fuzzy_char_overlap,0.9,char_overlap=1.000,BX-FM_10-30-2025-Model2.pdf,1,99.5,517.5
N_1120,102.4,1024,112.0,1120,C_fuzzy_char_overlap,0.9,char_overlap=1.000,BX-FM_10-30-2025-Model2.pdf,1,91.5,402.0
N_1130,103.4,1034,113.0,1130,C_fuzzy_char_overlap,0.9,char_overlap=1.000,BX-FM_10-30-2025-Model2.pdf,1,133.5,335.0
N_1140,103.4,1034,114.0,1140,C_fuzzy_char_overlap,0.9,char_overlap=1.000,BX-FM_10-30-2025-Model2.pdf,1,252.5,327.5
N_1150,103.4,1034,115.0,1150,C_fuzzy_char_overlap,0.767,char_overlap=0.667,BX-FM_10-30-2025-Model2.pdf,1,191.5,320.5
N_1360,103.4,1034,136.0,1360,C_fuzzy_char_overlap,0.8,char_overlap=0.750,BX-FM_10-30-2025-Model2.pdf,1,280.5,213.0
N_1370,70.3,703,137.0,1370,C_fuzzy_char_overlap,0.8,char_overlap=0.750,BX-FM_10-30-2025-Model2.pdf,1,250.5,191.5
N_1380,108.3,1083,138.0,1380,C_fuzzy_char_overlap,0.9,char_overlap=1.000,BX-FM_10-30-2025-Model2.pdf,1,165.5,129.5
N_1390,103.4,1034,139.0,1390,C_fuzzy_char_overlap,0.8,char_overlap=0.750,BX-FM_10-30-2025-Model2.pdf,1,119.5,113.0
N_1400,103.4,1034,140.0,1400,C_fuzzy_char_overlap,0.9,char_overlap=1.000,BX-FM_10-30-2025-Model2.pdf,1,71.0,104.5
N_1410,103.4,1034,141.0,1410,C_fuzzy_char_overlap,0.9,char_overlap=1.000,BX-FM_10-30-2025-Model2.pdf,1,106.5,200.0
N_950,109.2,1092,95.0,950,C_fuzzy_char_overlap,0.767,char_overlap=0.667,BX-FM_10-30-2025-Model2.pdf,1,222.0,1161.5
N_960,106,106,96.0,960,C_fuzzy_char_overlap,0.767,char_overlap=0.667,BX-FM_10-30-2025-Model2.pdf,1,199.0,1125.5
N_970,70.3,703,97.0,970,C_fuzzy_char_overlap,0.767,char_overlap=0.667,BX-FM_10-30-2025-Model2.pdf,1,171.0,1126.0
N_980,108.3,1083,98.0,980,C_fuzzy_char_overlap,0.767,char_overlap=0.667,BX-FM_10-30-2025-Model2.pdf,1,271.0,972.0
N_990,109.2,1092,99.0,990,C_fuzzy_char_overlap,0.9,char_overlap=1.000,BX-FM_10-30-2025-Model2.pdf,1,267.5,933.5
N_1500,103.4,1034,150.0,1500,C_fuzzy_char_overlap,0.767,char_overlap=0.667,BX-FM_10-30-2025-Model2.pdf,1,201.0,740.0
N_1510,103.4,1034,151.0,1510,C_fuzzy_char_overlap,0.767,char_overlap=0.667,BX-FM_10-30-2025-Model2.pdf,1,164.0,721.0
N_1530,103.4,1034,153.0,1530,C_fuzzy_char_overlap,0.8,char_overlap=0.750,BX-FM_10-30-2025-Model2.pdf,1,83.0,763.0
N_1180,108.3,1083,118.0,1180,C_fuzzy_char_overlap,0.9,char_overlap=1.000,BX-FM_10-30-2025-Model2.pdf,1,613.0,443.5
N_1181,71.8,718,118.1,1181,C_fuzzy_char_overlap,0.9,char_overlap=1.000,BX-FM_10-30-2025-Model2.pdf,1,600.0,471.0
N_1221,27.1,271,122.1,1221,C_fuzzy_char_overlap,0.9,char_overlap=1.000,BX-FM_10-30-2025-Model2.pdf,1,545.0,641.0
N_1230,103.4,1034,123.0,1230,C_fuzzy_char_overlap,0.8,char_overlap=0.750,BX-FM_10-30-2025-Model2.pdf,1,413.0,687.5
N_1200,102.4,1024,120.0,1200,C_fuzzy_char_overlap,0.9,char_overlap=1.000,BX-FM_10-30-2025-Model2.pdf,1,409.0,745.5
N_1190,109.2,1092,119.0,1190,C_fuzzy_char_overlap,0.9,char_overlap=1.000,BX-FM_10-30-2025-Model2.pdf,1,444.0,751.0
N_1210,102.4,1024,121.0,1210,C_fuzzy_char_overlap,0.9,char_overlap=1.000,BX-FM_10-30-2025-Model2.pdf,1,385.0,720.5
N_1250,102.4,1024,125.0,1250,C_fuzzy_char_overlap,0.8,char_overlap=0.750,BX-FM_10-30-2025-Model2.pdf,1,405.0,489.5
N_1260,102.4,1024,126.0,1260,C_fuzzy_char_overlap,0.8,char_overlap=0.750,BX-FM_10-30-2025-Model2.pdf,1,384.0,491.5
N_1300,103.4,1034,130.0,1300,C_fuzzy_char_overlap,0.9,char_overlap=1.000,BX-FM_10-30-2025-Model2.pdf,1,299.5,634.5
N_1301,103.4,1034,130.1,1301,C_fuzzy_char_overlap,0.9,char_overlap=1.000,BX-FM_10-30-2025-Model2.pdf,1,278.0,664.0
N_1410,103.4,1034,141.0,1410,C_fuzzy_char_overlap,0.9,char_overlap=1.000,BX-FM_10-30-2025-Model2.pdf,1,228.0,657.5
N_1320,103.4,1034,132.0,1320,C_fuzzy_char_overlap,0.8,char_overlap=0.750,BX-FM_10-30-2025-Model2.pdf,1,202.5,583.5
N_1310,103.4,1034,131.0,1310,C_fuzzy_char_overlap,0.9,char_overlap=1.000,BX-FM_10-30-2025-Model2.pdf,1,206.0,529.5
N_1380,108.3,1083,138.0,1380,C_fuzzy_char_overlap,0.9,char_overlap=1.000,BX-FM_10-30-2025-Model2.pdf,1,229.0,373.5
N_1370,70.3,703,137.0,1370,C_fuzzy_char_overlap,0.8,char_overlap=0.750,BX-FM_10-30-2025-Model2.pdf,1,228.5,349.5
N_1390,103.4,1034,139.0,1390,C_fuzzy_char_overlap,0.8,char_overlap=0.750,BX-FM_10-30-2025-Model2.pdf,1,198.0,374.5
N_1400,103.4,1034,140.0,1400,C_fuzzy_char_overlap,0.9,char_overlap=1.000,BX-FM_10-30-2025-Model2.pdf,1,182.0,374.0
N_1360,103.4,1034,136.0,1360,C_fuzzy_char_overlap,0.8,char_overlap=0.750,BX-FM_10-30-2025-Model2.pdf,1,170.0,346.0
N_1350,103.4,1034,135.0,1350,C_fuzzy_char_overlap,0.8,char_overlap=0.750,BX-FM_10-30-2025-Model2.pdf,1,156.5,347.0
N_1330,103.4,1034,133.0,1330,C_fuzzy_char_overlap,0.9,char_overlap=1.000,BX-FM_10-30-2025-Model2.pdf,1,128.0,420.5
N_1340,103.4,1034,134.0,1340,C_fuzzy_char_overlap,0.9,char_overlap=1.000,BX-FM_10-30-2025-Model2.pdf,1,128.0,382.5
N_1730,70.3,703,173.0,1730,C_fuzzy_char_overlap,0.8,char_overlap=0.750,BX-FM_10-30-2025-Model2.pdf,1,74.0,200.0
N_1690,106,106,169.0,1690,C_fuzzy_char_overlap,0.8,char_overlap=0.750,BX-FM_10-30-2025-Model2.pdf,1,93.0,121.0
N_1640,103.4,1034,164.0,1640,C_fuzzy_char_overlap,0.8,char_overlap=0.750,BX-FM_10-30-2025-Model2.pdf,1,311.0,202.5
N_1662,126,126,166.2,1662,C_fuzzy_char_overlap,0.9,char_overlap=1.000,BX-FM_10-30-2025-Model2.pdf,1,210.0,153.5
N_1680,106,106,168.0,1680,C_fuzzy_char_overlap,0.8,char_overlap=0.750,BX-FM_10-30-2025-Model2.pdf,1,190.0,194.0
N_1670,106,106,167.0,1670,C_fuzzy_char_overlap,0.8,char_overlap=0.750,BX-FM_10-30-2025-Model2.pdf,1,194.0,150.0
N_1440,103.4,1034,144.0,1440,C_fuzzy_char_overlap,0.9,char_overlap=1.000,BX-FM_10-30-2025-Model2.pdf,1,89.0,575.0
N_1430,103.4,1034,143.0,1430,C_fuzzy_char_overlap,0.9,char_overlap=1.000,BX-FM_10-30-2025-Model2.pdf,1,73.5,612.0
N_1700,27.1,271,170.0,1700,C_fuzzy_char_overlap,0.767,char_overlap=0.667,BX-FM_10-30-2025-Model2.pdf,1,81.0,155.0
N_881,71.8,718,88.1,881,C_fuzzy_char_overlap,0.9,char_overlap=1.000,BX-FM_10-30-2025-Model2.pdf,1,75.0,986.5
N_1142,102.4,1024,114.2,1142,C_fuzzy_char_overlap,0.9,char_overlap=1.000,BX-FM_10-30-2025-Model2.pdf,1,249.0,377.5
N_1650,106,106,165.0,1650,C_fuzzy_char_overlap,0.8,char_overlap=0.750,BX-FM_10-30-2025-Model2.pdf,1,285.0,177.5
N_1033,103.4,1034,103.3,1033,C_fuzzy_char_overlap,0.9,char_overlap=1.000,BX-FM_10-30-2025-Model2.pdf,1,363.0,700.0
N_1232,113.2,1132,123.2,1232,C_fuzzy_char_overlap,0.9,char_overlap=1.000,BX-FM_10-30-2025-Model2.pdf,1,404.5,644.0
N_1233,113.2,1132,123.3,1233,C_fuzzy_char_overlap,0.9,char_overlap=1.000,BX-FM_10-30-2025-Model2.pdf,1,378.5,660.0
N_1035,103.4,1034,103.5,1035,C_fuzzy_char_overlap,0.8,char_overlap=0.750,BX-FM_10-30-2025-Model2.pdf,1,447.0,600.0
N_1040,103.4,1034,104.0,1040,C_fuzzy_char_overlap,0.9,char_overlap=1.000,BX-FM_10-30-2025-Model2.pdf,1,418.0,586.5
N_1034,103.4,1034,103.4,1034,A_exact_norm,0.98,excel_norm=1034,BX-FM_10-30-2025-Model2.pdf,1,370.0,606.0
N_1240,102.4,1024,124.0,1240,C_fuzzy_char_overlap,0.9,char_overlap=1.000,BX-FM_10-30-2025-Model2.pdf,1,486.0,350.0
N_1234,103.4,1034,123.4,1234,C_fuzzy_char_overlap,0.8,char_overlap=0.750,BX-FM_10-30-2025-Model2.pdf,1,437.0,633.0
N_1243,103.4,1034,124.3,1243,C_fuzzy_char_overlap,0.8,char_overlap=0.750,BX-FM_10-30-2025-Model2.pdf,1,437.0,371.0
N_1244,102.4,1024,124.4,1244,C_fuzzy_char_overlap,0.9,char_overlap=1.000,BX-FM_10-30-2025-Model2.pdf,1,424.0,396.5
N_1651,156,156,165.1,1651,C_fuzzy_char_overlap,0.9,char_overlap=1.000,BX-FM_10-30-2025-Model2.pdf,1,305.0,355.5
N_1652,65.25,6525,165.2,1652,C_fuzzy_char_overlap,0.8,char_overlap=0.750,BX-FM_10-30-2025-Model2.pdf,1,313.0,320.0
N_1653,156,156,165.3,1653,C_fuzzy_char_overlap,0.8,char_overlap=0.750,BX-FM_10-30-2025-Model2.pdf,1,302.5,294.0
N_1654,156,156,165.4,1654,C_fuzzy_char_overlap,0.8,char_overlap=0.750,BX-FM_10-30-2025-Model2.pdf,1,287.0,297.0
N_1656,156,156,165.6,1656,C_fuzzy_char_overlap,0.9,char_overlap=1.000,BX-FM_10-30-2025-Model2.pdf,1,252.0,248.0
N_1657,156,156,165.7,1657,C_fuzzy_char_overlap,0.8,char_overlap=0.750,BX-FM_10-30-2025-Model2.pdf,1,248.0,283.0
N_1052,102.4,1024,105.2,1052,C_fuzzy_char_overlap,0.8,char_overlap=0.750,BX-FM_10-30-2025-Model2.pdf,1,448.0,417.5
N_1053,103.4,1034,105.3,1053,C_fuzzy_char_overlap,0.8,char_overlap=0.750,BX-FM_10-30-2025-Model2.pdf,1,390.5,338.5
N_1050,103.4,1034,105.0,1050,C_fuzzy_char_overlap,0.767,char_overlap=0.667,BX-FM_10-30-2025-Model2.pdf,1,513.0,372.0
N_1141,41,41,114.1,1141,C_fuzzy_char_overlap,0.9,char_overlap=1.000,BX-FM_10-30-2025-Model2.pdf,1,241.0,423.5
N_1131,113.1,1131,113.1,1131,A_exact_norm,0.98,excel_norm=1131,BX-FM_10-30-2025-Model2.pdf,1,175.0,409.5
N_1132,113.2,1132,113.2,1132,A_exact_norm,0.98,excel_norm=1132,BX-FM_10-30-2025-Model2.pdf,1,209.0,423.5
N_1361,136.2,1362,136.1,1361,C_fuzzy_char_overlap,0.9,char_overlap=1.000,BX-FM_10-30-2025-Model2.pdf,1,329.0,353.5
N_1363,136.2,1362,136.3,1363,C_fuzzy_char_overlap,0.9,char_overlap=1.000,BX-FM_10-30-2025-Model2.pdf,1,322.0,286.5
N_1366,136.2,1362,136.6,1366,C_fuzzy_char_overlap,0.9,char_overlap=1.000,BX-FM_10-30-2025-Model2.pdf,1,332.5,230.5
N_1365,156,156,136.5,1365,C_fuzzy_char_overlap,0.8,char_overlap=0.750,BX-FM_10-30-2025-Model2.pdf,1,266.0,291.0
N_1367,136.2,1362,136.7,1367,C_fuzzy_char_overlap,0.8,char_overlap=0.750,BX-FM_10-30-2025-Model2.pdf,1,222.5,236.0
N_1010,103.4,1034,101.0,1010,C_fuzzy_char_overlap,0.9,char_overlap=1.000,BX-FM_10-30-2025-Model2.pdf,1,715.5,513.0
N_1170,27.1,271,117.0,1170,C_fuzzy_char_overlap,0.767,char_overlap=0.667,BX-FM_10-30-2025-Model2.pdf,1,698.0,546.5
N_1171,27.1,271,117.1,1171,C_fuzzy_char_overlap,0.9,char_overlap=1.000,BX-FM_10-30-2025-Model2.pdf,1,682.0,483.0
N_1172,27.1,271,117.2,1172,C_fuzzy_char_overlap,0.9,char_overlap=1.000,BX-FM_10-30-2025-Model2.pdf,1,663.0,535.0
N_1192,109.2,1092,119.2,1192,C_fuzzy_char_overlap,0.9,char_overlap=1.000,BX-FM_10-30-2025-Model2.pdf,1,428.0,784.0
N_1022,102.4,1024,102.2,1022,C_fuzzy_char_overlap,0.9,char_overlap=1.000,BX-FM_10-30-2025-Model2.pdf,1,466.0,727.0
N_1021,102.1,1021,102.1,1021,A_exact_norm,0.98,excel_norm=1021,BX-FM_10-30-2025-Model2.pdf,1,414.0,817.5
N_1023,103.4,1034,102.3,1023,C_fuzzy_char_overlap,0.8,char_overlap=0.750,BX-FM_10-30-2025-Model2.pdf,1,383.0,796.5
N_1220,102.4,1024,122.0,1220,C_fuzzy_char_overlap,0.9,char_overlap=1.000,BX-FM_10-30-2025-Model2.pdf,1,569.0,650.0
N_1231,113.2,1132,123.1,1231,C_fuzzy_char_overlap,0.9,char_overlap=1.000,BX-FM_10-30-2025-Model2.pdf,1,404.0,689.0
N_1222,27.1,271,122.2,1222,C_fuzzy_char_overlap,0.9,char_overlap=1.000,BX-FM_10-30-2025-Model2.pdf,1,544.0,687.0
N_1245,102.4,1024,124.5,1245,C_fuzzy_char_overlap,0.8,char_overlap=0.750,BX-FM_10-30-2025-Model2.pdf,1,424.0,343.0
N_1246,102.4,1024,124.6,1246,C_fuzzy_char_overlap,0.8,char_overlap=0.750,BX-FM_10-30-2025-Model2.pdf,1,404.0,370.0
N_1054,103.4,1034,105.4,1054,C_fuzzy_char_overlap,0.8,char_overlap=0.750,BX-FM_10-30-2025-Model2.pdf,1,382.5,387.0
N_1302,103.4,1034,130.2,1302,C_fuzzy_char_overlap,0.8,char_overlap=0.750,BX-FM_10-30-2025-Model2.pdf,1,307.0,479.0
N_1303,103.4,1034,130.3,1303,C_fuzzy_char_overlap,0.9,char_overlap=1.000,BX-FM_10-30-2025-Model2.pdf,1,274.0,464.0
N_1101,103.4,1034,110.1,1101,C_fuzzy_char_overlap,0.9,char_overlap=1.000,BX-FM_10-30-2025-Model2.pdf,1,315.0,435.5
N_1102,102.4,1024,110.2,1102,C_fuzzy_char_overlap,0.9,char_overlap=1.000,BX-FM_10-30-2025-Model2.pdf,1,265.5,517.0
N_1655,156,156,165.5,1655,C_fuzzy_char_overlap,0.9,char_overlap=1.000,BX-FM_10-30-2025-Model2.pdf,1,279.0,328.0
N_1362,136.2,1362,136.2,1362,A_exact_norm,0.98,excel_norm=1362,BX-FM_10-30-2025-Model2.pdf,1,354.0,287.0
N_1364,103.4,1034,136.4,1364,C_fuzzy_char_overlap,0.8,char_overlap=0.750,BX-FM_10-30-2025-Model2.pdf,1,283.0,367.5
N_1368,108.3,1083,136.8,1368,C_fuzzy_char_overlap,0.8,char_overlap=0.750,BX-FM_10-30-2025-Model2.pdf,1,220.5,312.0
N_1369,136.2,1362,136.9,1369,C_fuzzy_char_overlap,0.8,char_overlap=0.750,BX-FM_10-30-2025-Model2.pdf,1,177.5,234.0
N_1371,27.1,271,137.1,1371,C_fuzzy_char_overlap,0.767,char_overlap=0.667,BX-FM_10-30-2025-Model2.pdf,1,231.0,125.0
N_1372,27.1,271,137.2,1372,C_fuzzy_char_overlap,0.8,char_overlap=0.750,BX-FM_10-30-2025-Model2.pdf,1,200.0,120.5
N_1371,27.1,271,137.1,1371,C_fuzzy_char_overlap,0.767,char_overlap=0.667,BX-FM_10-30-2025-Model2.pdf,1,211.0,334.5
N_1031,103.4,1034,103.1,1031,C_fuzzy_char_overlap,0.9,char_overlap=1.000,BX-FM_10-30-2025-Model2.pdf,1,452.0,682.5
N_1032,103.4,1034,103.2,1032,C_fuzzy_char_overlap,0.8,char_overlap=0.750,BX-FM_10-30-2025-Model2.pdf,1,469.0,638.5
N_1658,156,156,165.8,1658,C_fuzzy_char_overlap,0.8,char_overlap=0.750,BX-FM_10-30-2025-Model2.pdf,1,227.5,273.0
N_1659,156,156,165.9,1659,C_fuzzy_char_overlap,0.8,char_overlap=0.750,BX-FM_10-30-2025-Model2.pdf,1,228.5,290.0
N_1660,106,106,166.0,1660,C_fuzzy_char_overlap,0.9,char_overlap=1.000,BX-FM_10-30-2025-Model2.pdf,1,230.0,192.5
N_1661,106,106,166.1,1661,C_fuzzy_char_overlap,0.9,char_overlap=1.000,BX-FM_10-30-2025-Model2.pdf,1,236.0,156.0
N_1242,102.4,1024,124.2,1242,C_fuzzy_char_overlap,0.9,char_overlap=1.000,BX-FM_10-30-2025-Model2.pdf,1,460.5,376.0
N_1241,102.4,1024,124.1,1241,C_fuzzy_char_overlap,0.9,char_overlap=1.000,BX-FM_10-30-2025-Model2.pdf,1,461.0,333.0
N_1051,103.4,1034,105.1,1051,C_fuzzy_char_overlap,0.767,char_overlap=0.667,BX-FM_10-30-2025-Model2.pdf,1,481.0,392.0
N_1090,109.2,1092,109.0,1090,C_fuzzy_char_overlap,0.9,char_overlap=1.000,BX-FM_10-30-2025-Model2.pdf,1,337.5,620.0
N_1091,109.2,1092,109.1,1091,C_fuzzy_char_overlap,0.9,char_overlap=1.000,BX-FM_10-30-2025-Model2.pdf,1,331.0,685.0
N_1092,109.2,1092,109.2,1092,A_exact_norm,0.98,excel_norm=1092,BX-FM_10-30-2025-Model2.pdf,1,287.0,697.0
N_1290,109.2,1092,129.0,1290,C_fuzzy_char_overlap,0.9,char_overlap=1.000,BX-FM_10-30-2025-Model2.pdf,1,361.0,633.0
N_1291,109.2,1092,129.1,1291,C_fuzzy_char_overlap,0.9,char_overlap=1.000,BX-FM_10-30-2025-Model2.pdf,1,367.0,667.0
N_1280,102.4,1024,128.0,1280,C_fuzzy_char_overlap,0.8,char_overlap=0.750,BX-FM_10-30-2025-Model2.pdf,1,312.5,579.5
N_1281,128,128,128.1,1281,C_fuzzy_char_overlap,0.9,char_overlap=1.000,BX-FM_10-30-2025-Model2.pdf,1,307.5,571.5
N_1282,128,128,128.2,1282,C_fuzzy_char_overlap,0.9,char_overlap=1.000,BX-FM_10-30-2025-Model2.pdf,1,316.5,568.0
N_1270,27.1,271,127.0,1270,C_fuzzy_char_overlap,0.8,char_overlap=0.750,BX-FM_10-30-2025-Model2.pdf,1,312.5,536.0
N_1272,27.1,271,127.2,1272,C_fuzzy_char_overlap,0.9,char_overlap=1.000,BX-FM_10-30-2025-Model2.pdf,1,315.5,549.0
N_1271,27.1,271,127.1,1271,C_fuzzy_char_overlap,0.9,char_overlap=1.000,BX-FM_10-30-2025-Model2.pdf,1,307.5,551.5
N_1011,103.4,1034,101.1,1011,C_fuzzy_char_overlap,0.9,char_overlap=1.000,BX-FM_10-30-2025-Model2.pdf,1,645.5,456.5
N_1305,103.4,1034,130.5,1305,C_fuzzy_char_overlap,0.8,char_overlap=0.750,BX-FM_10-30-2025-Model2.pdf,1,256.0,578.0
N_1304,103.4,1034,130.4,1304,C_fuzzy_char_overlap,0.9,char_overlap=1.000,BX-FM_10-30-2025-Model2.pdf,1,254.0,545.5
N_1103,103.4,1034,110.3,1103,C_fuzzy_char_overlap,0.9,char_overlap=1.000,BX-FM_10-30-2025-Model2.pdf,1,222.0,612.0
N_1081,108.1,1081,108.1,1081,A_exact_norm,0.98,excel_norm=1081,BX-FM_10-30-2025-Model2.pdf,1,352.5,532.0
N_1084,103.4,1034,108.4,1084,C_fuzzy_char_overlap,0.8,char_overlap=0.750,BX-FM_10-30-2025-Model2.pdf,1,370.5,538.0
N_1082,102.4,1024,108.2,1082,C_fuzzy_char_overlap,0.8,char_overlap=0.750,BX-FM_10-30-2025-Model2.pdf,1,321.5,590.0
N_1083,108.3,1083,108.3,1083,A_exact_norm,0.98,excel_norm=1083,BX-FM_10-30-2025-Model2.pdf,1,345.0,580.0
