"""c""",(cfs),(fps),(ft),(ft_ft),(in),0.003042372881355911,0.5082000000000001,1180,20,32.108971468560014,4.5276000000000005,4.980360000000001,424.23,427.7,8,"8_mhd-r_1.1c=0.462_9.8_(t5613,_upper_half)",9.8,area,b_p,base,base_ca,board,col_1,col_10,col_11,col_12,col_14,col_15,col_16,col_17,col_18,col_2,col_23,col_3,col_32,col_33,col_34,col_35,col_36,col_37,col_38,col_39,col_4,col_40,col_41,col_42,col_43,col_44,col_45,col_46,col_47,col_5,col_6,col_7,col_8,col_9,delta_fb,description,dia,dist.,dn_strm,egl_elev.,elev,f_s,freebrd,hgl,hgl_elev.,hl,i,inlet,jct,jct_area,keystroke,length,location,loss,losses,macro_or_dialog_box,mca,modules,name,q,r_g,slope,soffit_elev.,source_row,source_sheet,stream_jct,t56013,t_c,t_p,t_t,tc,type,userforms,vel,worksheet_formulas
nan,nan,nan,nan,nan,nan,nan,nan,nan,nan,nan,nan,nan,nan,nan,nan,nan,Inlets that had elevation and/or length attributes changed.,nan,nan,nan,nan,nan,nan,nan,nan,nan,nan,nan,nan,nan,nan,nan,nan,nan,nan,nan,nan,nan,nan,nan,nan,nan,nan,nan,nan,nan,nan,nan,nan,nan,nan,nan,nan,nan,nan,nan,nan,nan,nan,nan,nan,nan,nan,nan,nan,nan,nan,nan,nan,nan,nan,nan,nan,nan,nan,nan,nan,nan,nan,nan,nan,nan,nan,nan,nan,312,DI TABLE,nan,nan,nan,nan,nan,nan,nan,nan,nan,nan
nan,nan,nan,nan,nan,nan,nan,nan,nan,nan,nan,nan,nan,nan,nan,Font,nan,Revised Inlet boundaries and elevations- From Gis Posting Check 9/13/2019 by YP.,nan,nan,nan,nan,nan,nan,nan,nan,nan,nan,nan,nan,nan,nan,nan,nan,nan,nan,nan,nan,nan,nan,nan,nan,nan,nan,nan,nan,nan,nan,nan,nan,nan,nan,nan,nan,nan,nan,nan,nan,nan,nan,nan,nan,nan,nan,nan,nan,nan,nan,nan,nan,nan,nan,nan,nan,nan,nan,nan,nan,nan,nan,nan,nan,nan,nan,nan,nan,315,DI TABLE,nan,nan,nan,nan,nan,nan,nan,nan,nan,nan
nan,nan,nan,nan,nan,nan,nan,nan,nan,nan,nan,nan,nan,nan,Co. SPR 7969 Edits,nan,nan,Tract 5613 inlets ,nan,nan,nan,nan,nan,nan,nan,nan,nan,nan,nan,nan,nan,nan,nan,nan,nan,nan,nan,nan,nan,nan,nan,nan,nan,nan,nan,nan,nan,nan,nan,nan,nan,nan,nan,nan,nan,nan,nan,nan,nan,nan,nan,nan,nan,nan,nan,nan,nan,nan,nan,nan,nan,nan,nan,nan,nan,nan,nan,nan,nan,nan,nan,nan,nan,nan,nan,nan,317,DI TABLE,nan,nan,nan,nan,nan,nan,nan,nan,nan,nan
nan,nan,nan,nan,nan,nan,nan,nan,nan,nan,nan,nan,nan,nan,Vista Ranch_07-01-2024,nan,nan,Tract 6039 inlets,nan,nan,nan,nan,nan,nan,nan,nan,nan,nan,nan,nan,nan,nan,nan,nan,nan,nan,nan,nan,nan,nan,nan,nan,nan,nan,nan,nan,nan,nan,nan,nan,nan,nan,nan,nan,nan,nan,nan,nan,nan,nan,nan,nan,nan,nan,nan,nan,nan,nan,nan,nan,nan,nan,nan,nan,nan,nan,nan,nan,nan,nan,nan,nan,nan,nan,nan,nan,318,DI TABLE,nan,nan,nan,nan,nan,nan,nan,nan,nan,nan
nan,nan,nan,nan,nan,nan,nan,400.0,nan,nan,nan,nan,nan,nan,TMC Adds 0.125',nan,nan,Tract 6072 Inlets,nan,nan,nan,nan,nan,nan,nan,nan,nan,nan,nan,nan,nan,nan,nan,nan,nan,nan,nan,nan,nan,nan,nan,nan,nan,nan,nan,nan,nan,nan,nan,nan,nan,nan,nan,nan,nan,nan,nan,nan,nan,nan,nan,nan,nan,nan,nan,nan,nan,nan,nan,nan,nan,nan,nan,nan,nan,nan,nan,nan,nan,nan,nan,nan,nan,nan,nan,nan,319,DI TABLE,nan,nan,nan,nan,nan,nan,nan,nan,nan,nan
nan,nan,nan,nan,nan,nan,nan,nan,nan,nan,nan,nan,nan,nan,nan,nan,nan,Tract 6145 Inlets ,nan,nan,nan,nan,nan,nan,nan,nan,nan,nan,nan,nan,nan,nan,nan,nan,nan,nan,nan,nan,nan,nan,nan,nan,nan,nan,nan,nan,nan,nan,nan,nan,nan,nan,nan,nan,nan,nan,nan,nan,nan,nan,nan,nan,nan,nan,nan,nan,nan,nan,nan,nan,nan,nan,nan,nan,nan,nan,nan,nan,nan,nan,nan,nan,nan,nan,nan,nan,320,DI TABLE,nan,nan,nan,nan,nan,nan,nan,nan,nan,nan
nan,nan,nan,nan,nan,nan,nan,nan,nan,nan,nan,nan,nan,nan,nan,nan,nan,Tract 6180 Inlets ,nan,nan,nan,nan,nan,nan,nan,nan,nan,nan,nan,nan,nan,nan,nan,nan,nan,nan,nan,nan,nan,nan,nan,nan,nan,nan,nan,nan,nan,nan,nan,nan,nan,nan,nan,nan,nan,nan,nan,nan,nan,nan,nan,nan,nan,nan,nan,nan,nan,nan,nan,nan,nan,nan,nan,nan,nan,nan,nan,nan,nan,nan,nan,nan,nan,nan,nan,nan,321,DI TABLE,nan,nan,nan,nan,nan,nan,nan,nan,nan,nan
nan,nan,nan,nan,nan,nan,nan,nan,nan,nan,nan,nan,nan,nan,nan,nan,nan,Tract 6128 Inlets ,nan,nan,nan,nan,nan,nan,nan,nan,nan,nan,nan,nan,nan,nan,nan,nan,nan,nan,nan,nan,nan,nan,nan,nan,nan,nan,nan,nan,nan,nan,nan,nan,nan,nan,nan,nan,nan,nan,nan,nan,nan,nan,nan,nan,nan,nan,nan,nan,nan,nan,nan,nan,nan,nan,nan,nan,nan,nan,nan,nan,nan,nan,nan,nan,nan,nan,nan,nan,322,DI TABLE,nan,nan,nan,nan,nan,nan,nan,nan,nan,nan
nan,nan,nan,nan,nan,nan,nan,nan,nan,nan,nan,nan,nan,nan,nan,nan,nan,Tract 6134 Inlets ,nan,nan,nan,nan,nan,nan,nan,nan,nan,nan,nan,nan,nan,nan,nan,nan,nan,nan,nan,nan,nan,nan,nan,nan,nan,nan,nan,nan,nan,nan,nan,nan,nan,nan,nan,nan,nan,nan,nan,nan,nan,nan,nan,nan,nan,nan,nan,nan,nan,nan,nan,nan,nan,nan,nan,nan,nan,nan,nan,nan,nan,nan,nan,nan,nan,nan,nan,nan,323,DI TABLE,nan,nan,nan,nan,nan,nan,nan,nan,nan,nan
nan,nan,nan,nan,nan,nan,nan,nan,nan,nan,nan,nan,nan,nan,nan,nan,nan,Tract 6109 Inlets ,nan,nan,nan,nan,nan,nan,nan,nan,nan,nan,nan,nan,nan,nan,nan,nan,nan,nan,nan,nan,nan,nan,nan,nan,nan,nan,nan,nan,nan,nan,nan,nan,nan,nan,nan,nan,nan,nan,nan,nan,nan,nan,nan,nan,nan,nan,nan,nan,nan,nan,nan,nan,nan,nan,nan,nan,nan,nan,nan,nan,nan,nan,nan,nan,nan,nan,nan,nan,324,DI TABLE,nan,nan,nan,nan,nan,nan,nan,nan,nan,nan
nan,nan,nan,nan,nan,nan,nan,nan,nan,nan,nan,nan,nan,nan,nan,nan,nan,Tract 6190 Inlets ,nan,nan,nan,nan,nan,nan,nan,nan,nan,nan,nan,nan,nan,nan,nan,nan,nan,nan,nan,nan,nan,nan,nan,nan,nan,nan,nan,nan,nan,nan,nan,nan,nan,nan,nan,nan,nan,nan,nan,nan,nan,nan,nan,nan,nan,nan,nan,nan,nan,nan,nan,nan,nan,nan,nan,nan,nan,nan,nan,nan,nan,nan,nan,nan,nan,nan,nan,nan,325,DI TABLE,nan,nan,nan,nan,nan,nan,nan,nan,nan,nan
nan,nan,nan,nan,nan,nan,nan,nan,nan,nan,nan,nan,nan,nan,nan,nan,nan,Tract 6209 inlets ,nan,nan,nan,nan,nan,nan,nan,nan,nan,nan,nan,nan,nan,nan,nan,nan,nan,nan,nan,nan,nan,nan,nan,nan,nan,nan,nan,nan,nan,nan,nan,nan,nan,nan,nan,nan,nan,nan,nan,nan,nan,nan,nan,nan,nan,nan,nan,nan,nan,nan,nan,nan,nan,nan,nan,nan,nan,nan,nan,nan,nan,nan,nan,nan,nan,nan,nan,nan,326,DI TABLE,nan,nan,nan,nan,nan,nan,nan,nan,nan,nan
nan,82.42653040842968,5.182640624007249,0.4170770782237615,0.0017569035175464393,54,nan,nan,nan,nan,nan,nan,nan,nan,nan,nan,nan,nan,nan,nan,nan,nan,8.18975515252339,nan,nan,nan,nan, ,nan,nan,nan,nan,nan, ,nan,nan,nan,nan,nan,nan,nan,nan,nan, ,nan,nan,nan,nan,nan,nan,nan,nan,nan,nan,nan,nan,nan,nan,nan,nan,nan,nan,383.7273219257004,392,nan,nan,nan,383.3102448474766,nan,nan,nan,nan,nan,nan,nan,nan,1.040244847476602,0.6256156173356423,nan,nan,nan,nan,nan,nan,nan, ,11,HYDRAULICS,77,nan,nan,nan,nan,nan,OUTFALL,nan,nan,nan
nan,5.1392115706040205,1.635858024765731,0.0415532838073049,0.0005160759621171332,24,nan,nan,nan,nan,nan,nan,nan,nan,nan,nan,nan,nan,nan,nan,nan,nan,4.909302269567206,nan,nan,nan,nan, ,nan,nan,nan,nan,nan, ,nan,nan,nan,nan,nan,nan,nan,nan,nan, ,nan,nan,nan,nan,nan,nan,nan,nan,nan,nan,nan,nan,nan,nan,nan,nan,nan,nan,418.7222510142401,424.09,nan,nan,nan,418.68069773043277,nan,nan,nan,nan,nan,nan,nan,nan,0.2906977304328099,0.022854306094017725,nan,nan,nan,nan,nan,nan,nan,418.39,83,HYDRAULICS,5,nan,nan,nan,nan,nan,INLET JUNCTION,nan,nan,nan
nan,8.763187829066855,2.789402797640328,0.1208193783770759,0.0015005306735200096,24,nan,nan,nan,nan,nan,nan,nan,nan,nan,nan,nan,nan,nan,nan,nan,nan,4.366212014741279,nan,nan,nan,nan, ,nan,nan,nan,nan,nan, ,nan,nan,nan,nan,nan,nan,nan,nan,nan, ,nan,nan,nan,nan,nan,nan,nan,nan,nan,nan,nan,nan,nan,nan,nan,nan,nan,nan,409.4246073636358,414.17,nan,nan,nan,409.30378798525874,nan,nan,nan,nan,nan,nan,nan,nan,0.20580577962088387,0.03624581351312277,nan,nan,nan,nan,nan,nan,nan,406.04,132,HYDRAULICS,28,nan,nan,nan,nan,nan,INLET JUNCTION,nan,nan,nan
nan,8.049237308162962,2.5621458200162217,0.1019346460097297,0.0012659894884960376,24,nan,nan,nan,nan,nan,nan,nan,nan,nan,nan,nan,nan,nan,nan,nan,nan,4.22365056759736,nan,nan,nan,nan, ,nan,nan,nan,nan,nan, ,nan,nan,nan,nan,nan,nan,nan,nan,nan, ,nan,nan,nan,nan,nan,nan,nan,nan,nan,nan,nan,nan,nan,nan,nan,nan,nan,nan,409.89828407841236,414.52,nan,nan,nan,409.7963494324026,nan,nan,nan,nan,nan,nan,nan,nan,0.4736767147765321,0.030580393802918927,nan,nan,nan,nan,nan,nan,nan,405.85,134,HYDRAULICS,27.1,nan,nan,nan,nan,nan,INLET JUNCTION,nan,nan,nan
nan,4.520501714671065,2.5580747048473897,0.1016109657698767,0.001851969551016599,18,nan,nan,nan,nan,nan,nan,nan,nan,nan,nan,nan,nan,nan,nan,nan,nan,3.1658144148942142,nan,nan,nan,nan, ,nan,nan,nan,nan,nan, ,nan,nan,nan,nan,nan,nan,nan,nan,nan, ,nan,nan,nan,nan,nan,nan,nan,nan,nan,nan,nan,nan,nan,nan,nan,nan,nan,nan,404.93579655087564,408.5,nan,nan,nan,404.8341855851058,nan,nan,nan,nan,nan,nan,nan,nan,0.2286440316897391,0.03048328973096301,nan,nan,nan,nan,nan,nan,nan,403.67,159,HYDRAULICS,41,nan,nan,nan,nan,nan,INLET JUNCTION,nan,nan,nan
nan,11.567475084105949,3.6820330672606154,0.2105181290124319,0.0026145550006830116,24,nan,nan,nan,nan,nan,nan,nan,nan,nan,nan,nan,nan,nan,nan,nan,nan,3.1674914712702957,nan,nan,nan,nan, ,nan,nan,nan,nan,nan, ,nan,nan,nan,nan,nan,nan,nan,nan,nan, ,nan,nan,nan,nan,nan,nan,nan,nan,nan,nan,nan,nan,nan,nan,nan,nan,nan,nan,403.34302665774214,406.8,nan,nan,nan,403.1325085287297,nan,nan,nan,nan,nan,nan,nan,nan,0.16250852872968402,0.06315543870372957,nan,nan,nan,nan,nan,nan,nan,402.97,167,HYDRAULICS,49,nan,nan,nan,nan,nan,INLET JUNCTION,nan,nan,nan
nan,8.948238540989273,2.8483061309489663,0.1259758977577867,0.0015645726807153157,24,nan,nan,nan,nan,nan,nan,nan,nan,nan,nan,nan,nan,nan,nan,nan,nan,3.900287223101998,nan,nan,nan,nan, ,nan,nan,nan,nan,nan, ,nan,nan,nan,nan,nan,nan,nan,nan,nan, ,nan,nan,nan,nan,nan,nan,nan,nan,nan,nan,nan,nan,nan,nan,nan,nan,nan,nan,404.22568867465577,408.5,nan,nan,nan,404.099712776898,nan,nan,nan,nan,nan,nan,nan,nan,0.8826620169136065,0.03779276932733603,nan,nan,nan,nan,nan,nan,nan,400.87,169,HYDRAULICS,48,nan,nan,nan,nan,nan,INLET JUNCTION,nan,nan,nan
nan,4.635935874934689,2.623396924389378,0.1068666370014852,0.0019477598332695632,18,nan,nan,nan,nan,nan,nan,nan,nan,nan,nan,nan,nan,nan,nan,nan,nan,3.6205520172360934,nan,nan,nan,nan, ,nan,nan,nan,nan,nan, ,nan,nan,nan,nan,nan,nan,nan,nan,nan, ,nan,nan,nan,nan,nan,nan,nan,nan,nan,nan,nan,nan,nan,nan,nan,nan,nan,nan,406.38631461976536,410.4,nan,nan,nan,406.2794479827639,nan,nan,nan,nan,nan,nan,nan,nan,0.12944798276392372,0.032059991100445565,nan,nan,nan,nan,nan,nan,nan,406.15,173,HYDRAULICS,45,nan,nan,nan,nan,nan,INLET JUNCTION,nan,nan,nan
nan, , ,0.0540603990163781, , ,nan,nan,nan,nan,nan,nan,nan,nan,nan,nan,nan,nan,nan,nan,nan,nan, ,nan,nan,nan,nan, ,nan,nan,nan,nan,nan, ,nan,nan,nan,nan,nan,nan,nan,nan,nan, ,nan,nan,nan,nan,nan,nan,nan,nan,nan,nan,nan,nan,nan,nan,nan,nan,nan,nan, , ,nan,nan,nan, ,nan,nan,nan,nan,nan,nan,nan,nan, , ,nan,nan,nan,nan,nan,nan,nan, ,176,HYDRAULICS, ,nan,nan,nan,nan,nan,INLET JUNCTION,nan,nan,nan
nan,6.716603430947452,3.800811154088477,0.2243193389603009,0.004088462129171167,18,nan,nan,nan,nan,nan,nan,nan,nan,nan,nan,nan,nan,nan,nan,nan,nan,4.36208799192525,nan,nan,nan,nan, ,nan,nan,nan,nan,nan, ,nan,nan,nan,nan,nan,nan,nan,nan,nan, ,nan,nan,nan,nan,nan,nan,nan,nan,nan,nan,nan,nan,nan,nan,nan,nan,nan,nan,394.5822313470351,399.22,nan,nan,nan,394.3579120080748,nan,nan,nan,nan,nan,nan,nan,nan,1.575938327352251,0.06729580168809028,nan,nan,nan,nan,nan,nan,nan, ,197,HYDRAULICS,65.25,nan,nan,nan,nan,nan,INLET JUNCTION,nan,nan,nan
nan,5.1213516096283485,2.8980853971809686,0.1304176858595275,0.002377003124573157,18,nan,nan,nan,nan,nan,nan,nan,nan,nan,nan,nan,nan,nan,nan,nan,nan,6.161381821463351,nan,nan,nan,nan, ,nan,nan,nan,nan,nan, ,nan,nan,nan,nan,nan,nan,nan,nan,nan, ,nan,nan,nan,nan,nan,nan,nan,nan,nan,nan,nan,nan,nan,nan,nan,nan,nan,nan,390.9690358643962,397.5,nan,nan,nan,390.83861817853665,nan,nan,nan,nan,nan,nan,nan,nan,0.3362506963295029,0.039125305757858254,nan,nan,nan,nan,nan,nan,nan,388.25,212,HYDRAULICS,70.3,nan,nan,nan,nan,nan,INLET JUNCTION,nan,nan,nan
nan,5.876085949979844,3.325176668635851,0.1716894390937921,0.0031292253845212887,18,nan,nan,nan,nan,nan,nan,nan,nan,nan,nan,nan,nan,nan,nan,nan,nan,6.430924722672046,nan,nan,nan,nan, ,nan,nan,nan,nan,nan, ,nan,nan,nan,nan,nan,nan,nan,nan,nan, ,nan,nan,nan,nan,nan,nan,nan,nan,nan,nan,nan,nan,nan,nan,nan,nan,nan,nan,388.2407647164217,395,nan,nan,nan,388.06907527732795,nan,nan,nan,nan,nan,nan,nan,nan,0.6129938097222696,0.13735155127503373,nan,nan,nan,nan,nan,nan,nan,384.96,222,HYDRAULICS,71.8,nan,nan,nan,nan,nan,INLET JUNCTION,nan,nan,nan
nan,56.450259544733065,4.4921584180619005,0.31334607535659,0.0015443979364834386,48,nan,nan,nan,nan,nan,nan,nan,nan,nan,nan,nan,nan,nan,nan,nan,nan,8.37,nan,nan,nan,nan, ,nan,nan,nan,nan,nan, ,nan,nan,nan,nan,nan,nan,nan,nan,nan, ,nan,nan,nan,nan,nan,nan,nan,nan,nan,nan,nan,nan,nan,-3.013068310432056,nan,nan,nan,nan,391.35641438578864,396.9,nan,nan,nan,391.04306831043203,nan,nan,nan,nan,nan,nan,nan,nan,0.2607987997471884,0.094003822606977,nan,nan,nan,nan,nan,nan,nan,386.19,266,HYDRAULICS,111,nan,nan,nan,nan,nan,INLET JUNCTION,nan,nan,nan
nan, , ,0.1160834434731893, , ,nan,nan,nan,nan,nan,nan,nan,nan,nan,nan,nan,nan,nan,nan,nan,nan,nan,nan,nan,nan,nan, ,nan,nan,nan,nan,nan, ,nan,nan,nan,nan,nan,nan,nan,nan,nan, ,nan,nan,nan,nan,nan,nan,nan,nan,nan,nan,nan,nan,nan,nan,nan,nan,nan,nan, , ,nan,nan,nan, ,nan,nan,nan,nan,nan,nan,nan,nan, , ,nan,nan,nan,nan,nan,nan,nan, ,284,HYDRAULICS, ,nan,nan,nan,nan,nan,INLET JUNCTION,nan,nan,nan
nan,20.531334181428225,2.9045828284848803,0.131003127446106,0.0009475488284501343,36,nan,nan,nan,nan,nan,nan,nan,nan,nan,nan,nan,nan,nan,nan,nan,nan,nan,nan,nan,nan,nan, ,nan,nan,nan,nan,nan, ,nan,nan,nan,nan,nan,nan,nan,nan,nan, ,nan,nan,nan,nan,nan,nan,nan,nan,nan,nan,nan,nan,nan,nan,nan,nan,nan,nan,393.91748569310346,400.27,nan,nan,nan,393.78648256565737,nan,nan,nan,nan,nan,nan,nan,nan,0.14637395584869697,0.0393009382338318,nan,nan,nan,nan,nan,nan,nan, ,292,HYDRAULICS,103.4,nan,nan,nan,nan,nan,INLET JUNCTION,nan,nan,nan
nan,5.949160189960987,1.8936720747265685,0.0556831355061991,0.0006915633398150015,24,nan,nan,nan,nan,nan,nan,nan,nan,nan,nan,nan,nan,nan,nan,nan,nan,nan,nan,nan,nan,nan, ,nan,nan,nan,nan,nan, ,nan,nan,nan,nan,nan,nan,nan,nan,nan, ,nan,nan,nan,nan,nan,nan,nan,nan,nan,nan,nan,nan,nan,nan,nan,nan,nan,nan,394.4490690636182,403,nan,nan,nan,394.393385928112,nan,nan,nan,nan,nan,nan,nan,nan,0.2345473926935852,0.016704940651859748,nan,nan,nan,nan,nan,nan,nan, ,298,HYDRAULICS,102.4,nan,nan,nan,nan,nan,INLET JUNCTION,nan,nan,nan
nan,5.178541085792481,1.6483769689942962,0.042191717886814,0.000524005070280014,24,nan,nan,nan,nan,nan,nan,nan,nan,nan,nan,nan,nan,nan,nan,nan,nan,nan,nan,nan,nan,nan, ,nan,nan,nan,nan,nan, ,nan,nan,nan,nan,nan,nan,nan,nan,nan, ,nan,nan,nan,nan,nan,nan,nan,nan,nan,nan,nan,nan,nan,nan,nan,nan,nan,nan,394.81079249706056,402.4,nan,nan,nan,394.76860077917377,nan,nan,nan,nan,nan,nan,nan,nan,0.03256970803668474,0.012657515366044205,nan,nan,nan,nan,nan,nan,nan, ,302,HYDRAULICS,102.1,nan,nan,nan,nan,nan,INLET JUNCTION,nan,nan,nan
nan,13.211349823296358,2.69138779186073,0.1124777677977791,0.0010374367274563823,30,nan,nan,nan,nan,nan,nan,nan,nan,nan,nan,nan,nan,nan,nan,nan,nan,nan,nan,nan,nan,nan, ,nan,nan,nan,nan,nan, ,nan,nan,nan,nan,nan,nan,nan,nan,nan, ,nan,nan,nan,nan,nan,nan,nan,nan,nan,nan,nan,nan,nan,nan,nan,nan,nan,nan,393.7368345586037,400.41,nan,nan,nan,393.6243567908059,nan,nan,nan,nan,nan,nan,nan,nan,0.6064084038952567,0.03374333033933374,nan,nan,nan,nan,nan,nan,nan, ,319,HYDRAULICS,106,nan,nan,nan,nan,nan,INLET JUNCTION,nan,nan,nan
nan,2.5881802237403817,1.4646069794530072,0.0333085963394792,0.0006070851284646076,18,nan,nan,nan,nan,nan,nan,nan,nan,nan,nan,nan,nan,nan,nan,nan,nan,nan,nan,nan,nan,nan, ,nan,nan,nan,nan,nan, ,nan,nan,nan,nan,nan,nan,nan,nan,nan, ,nan,nan,nan,nan,nan,nan,nan,nan,nan,nan,nan,nan,nan,nan,nan,nan,nan,nan,392.531213128033,400.45,nan,nan,nan,392.49790453169356,nan,nan,nan,nan,nan,nan,nan,nan,0.017884685571883663,0.009992578901843763,nan,nan,nan,nan,nan,nan,nan, ,336,HYDRAULICS,108.3,nan,nan,nan,nan,nan,INLET JUNCTION,nan,nan,nan
nan,2.1910340936752863,1.2398687681720773,0.0238707230169028,0.00043506969797113093,18,nan,nan,nan,nan,nan,nan,nan,nan,nan,nan,nan,nan,nan,nan,nan,nan,nan,nan,nan,nan,nan, ,nan,nan,nan,nan,nan, ,nan,nan,nan,nan,nan,nan,nan,nan,nan, ,nan,nan,nan,nan,nan,nan,nan,nan,nan,nan,nan,nan,nan,nan,nan,nan,nan,nan,392.5361521684932,400.45,nan,nan,nan,392.5122814454763,nan,nan,nan,nan,nan,nan,nan,nan,0.02282372603203157,0.0071612169050708566,nan,nan,nan,nan,nan,nan,nan, ,341,HYDRAULICS,108.1,nan,nan,nan,nan,nan,INLET JUNCTION,nan,nan,nan
nan,5.427290028255439,1.7275560314029281,0.0463423888452893,0.000575554823080784,24,nan,nan,nan,nan,nan,nan,nan,nan,nan,nan,nan,nan,nan,nan,nan,nan,nan,nan,nan,nan,nan, ,nan,nan,nan,nan,nan, ,nan,nan,nan,nan,nan,nan,nan,nan,nan, ,nan,nan,nan,nan,nan,nan,nan,nan,nan,nan,nan,nan,nan,nan,nan,nan,nan,nan,392.6072140276635,400.82,nan,nan,nan,392.5608716388182,nan,nan,nan,nan,nan,nan,nan,nan,0.3327600886403412,0.013902716653586807,nan,nan,nan,nan,nan,nan,nan, ,346,HYDRAULICS,109.2,nan,nan,nan,nan,nan,INLET JUNCTION,nan,nan,nan
nan, , ,0.1193209255346147, , ,nan,nan,nan,nan,nan,nan,nan,nan,nan,nan,nan,nan,nan,nan,nan,nan,nan,nan,nan,nan,nan, ,nan,nan,nan,nan,nan, ,nan,nan,nan,nan,nan,nan,nan,nan,nan, ,nan,nan,nan,nan,nan,nan,nan,nan,nan,nan,nan,nan,nan,nan,nan,nan,nan,nan, , ,nan,nan,nan, ,nan,nan,nan,nan,nan,nan,nan,nan, , ,nan,nan,nan,nan,nan,nan,nan, ,349,HYDRAULICS, ,nan,nan,nan,nan,nan,INLET JUNCTION,nan,nan,nan
nan,4.083403167739977,1.2997845581041434,0.0262335387808382,0.0003258105623815511,24,nan,nan,nan,nan,nan,nan,nan,nan,nan,nan,nan,nan,nan,nan,nan,nan,2.6,nan,nan,nan,nan, ,nan,nan,nan,nan,nan, ,nan,nan,nan,nan,nan,nan,nan,nan,nan, ,nan,nan,nan,nan,nan,nan,nan,nan,nan,nan,nan,nan,nan,0.3658557949632608,nan,nan,nan,nan,391.5603777438176,395,nan,nan,nan,391.53414420503674,nan,nan,nan,nan,nan,nan,nan,nan,0.016666946818553352,0.007870061634251474,nan,nan,nan,nan,nan,nan,nan,388.79,360,HYDRAULICS,113.2,nan,nan,nan,nan,nan,INLET JUNCTION,nan,nan,nan
nan,3.184559235610066,1.0136743174210803,0.0159555220776256,0.00019816150861810507,24,nan,nan,nan,nan,nan,nan,nan,nan,nan,nan,nan,nan,nan,nan,nan,nan,nan,nan,nan,nan,nan, ,nan,nan,nan,nan,nan, ,nan,nan,nan,nan,nan,nan,nan,nan,nan, ,nan,nan,nan,nan,nan,nan,nan,nan,nan,nan,nan,nan,nan,nan,nan,nan,nan,nan,391.5915198810871,393.48,nan,nan,nan,391.5755643590095,nan,nan,nan,nan,nan,nan,nan,nan,0.031142137269495673,0.0047866566232876995,nan,nan,nan,nan,nan,nan,nan, ,362,HYDRAULICS,113.1,nan,nan,nan,nan,nan,INLET JUNCTION,nan,nan,nan
nan,18.53963619829212,2.6228158614565995,0.1068193019116199,0.0007726266262143748,36,nan,nan,nan,nan,nan,nan,nan,nan,nan,nan,nan,nan,nan,nan,nan,nan,4.5,nan,nan,nan,nan, ,nan,nan,nan,nan,nan, ,nan,nan,nan,nan,nan,nan,nan,nan,nan, ,nan,nan,nan,nan,nan,nan,nan,nan,nan,nan,nan,nan,nan,-1.4465083878349674,nan,nan,nan,nan,388.1533276897466,391.6,nan,nan,nan,388.046508387835,nan,nan,nan,nan,nan,nan,nan,nan,0.25147175241836844,0.03204579057348598,nan,nan,nan,nan,nan,nan,nan,384.52,389,HYDRAULICS,129,nan,nan,nan,nan,nan,INLET JUNCTION,nan,nan,nan
nan,15.818234177118184,3.222456669644652,0.1612457606791506,0.0014872474583239022,30,nan,nan,nan,nan,nan,nan,nan,nan,nan,nan,nan,nan,nan,nan,nan,nan,4.63,nan,nan,nan,nan, ,nan,nan,nan,nan,nan, ,nan,nan,nan,nan,nan,nan,nan,nan,nan, ,nan,nan,nan,nan,nan,nan,nan,nan,nan,nan,nan,nan,nan,-1.2565571888965268,nan,nan,nan,nan,389.2178029495757,392.93,nan,nan,nan,389.05655718889653,nan,nan,nan,nan,nan,nan,nan,nan,1.064475259829055,0.1289966085433205,nan,nan,nan,nan,nan,nan,nan,384.69,391,HYDRAULICS,128,nan,nan,nan,nan,nan,INLET JUNCTION,nan,nan,nan
nan,7.911895454166293,2.5184286523320263,0.0984857589578711,0.001223155624588311,24,nan,nan,nan,nan,nan,nan,nan,nan,nan,nan,nan,nan,nan,nan,nan,nan,7.35875313191093,nan,nan,nan,nan, ,nan,nan,nan,nan,nan, ,nan,nan,nan,nan,nan,nan,nan,nan,nan, ,nan,nan,nan,nan,nan,nan,nan,nan,nan,nan,nan,nan,nan,0.1003902464388488,nan,nan,nan,nan,393.64934238060806,401.51,nan,nan,nan,393.5508566216502,nan,nan,nan,nan,nan,nan,nan,nan,0.7608566216502002,0.27893330556240564,nan,nan,nan,nan,nan,nan,nan,392.79,404,HYDRAULICS,123,nan,nan,nan,nan,nan,INLET JUNCTION,nan,nan,nan
nan,6.775728727654577,2.156776396630563,0.072231124612775,0.0008970830633315024,24,nan,nan,nan,nan,nan,nan,nan,nan,nan,nan,nan,nan,nan,nan,nan,nan,4.51,nan,nan,nan,nan, ,nan,nan,nan,nan,nan, ,nan,nan,nan,nan,nan,nan,nan,nan,nan, ,nan,nan,nan,nan,nan,nan,nan,nan,nan,nan,nan,nan,nan,-1.0280780855432656,nan,nan,nan,nan,390.58030921015603,394.49,nan,nan,nan,390.5080780855433,nan,nan,nan,nan,nan,nan,nan,nan,0.26388176448333817,0.02166933738383252,nan,nan,nan,nan,nan,nan,nan,388.88,411,HYDRAULICS,126,nan,nan,nan,nan,nan,INLET JUNCTION,nan,nan,nan
nan, , ,0.2518124041755307, , ,nan,nan,nan,nan,nan,nan,nan,nan,nan,nan,nan,nan,nan,nan,nan,nan, ,nan,nan,nan,nan, ,nan,nan,nan,nan,nan, ,nan,nan,nan,nan,nan,nan,nan,nan,nan, ,nan,nan,nan,nan,nan,nan,nan,nan,nan,nan,nan,nan,nan,nan,nan,nan,nan,nan, , ,nan,nan,nan, ,nan,nan,nan,nan,nan,nan,nan,nan, , ,nan,nan,nan,nan,nan,nan,nan, ,421,HYDRAULICS, ,nan,nan,nan,nan,nan,INLET JUNCTION,nan,nan,nan
nan,31.056650860624668,4.393607059477785,0.2997481831225625,0.0021680859479075196,36,nan,nan,nan,nan,nan,nan,nan,nan,nan,nan,nan,nan,nan,nan,nan,nan,7.33,nan,nan,nan,nan, ,nan,nan,nan,nan,nan, ,nan,nan,nan,nan,nan,nan,nan,nan,nan, ,nan,nan,nan,nan,nan,nan,nan,nan,nan,nan,nan,nan,nan,-0.9959995004994812,nan,nan,nan,nan,392.76574768362207,399.3,nan,nan,nan,392.4659995004995,nan,nan,nan,nan,nan,nan,nan,nan,0.7316778955173945,0.08992445493676875,nan,nan,nan,nan,nan,nan,nan,388.6,433,HYDRAULICS,89,nan,nan,nan,nan,nan,INLET JUNCTION,nan,nan,nan
nan,13.868486438812377,2.8252582508403115,0.1239454065829387,0.0011432082935699374,30,nan,nan,nan,nan,nan,nan,nan,nan,nan,nan,nan,nan,nan,nan,nan,nan,4.6805111950126275,nan,nan,nan,nan, ,nan,nan,nan,nan,nan, ,nan,nan,nan,nan,nan,nan,nan,nan,nan, ,nan,nan,nan,nan,nan,nan,nan,nan,nan,nan,nan,nan,nan,0.0,nan,nan,nan,nan,397.4434342115703,402.5,nan,nan,nan,397.3194888049874,nan,nan,nan,nan,nan,nan,nan,nan,0.08977120347909874,0.03718362197488162,nan,nan,nan,nan,nan,nan,nan,395.93,440,HYDRAULICS,83,nan,nan,nan,nan,nan,INLET JUNCTION,nan,nan,nan
nan,13.140277023990713,2.676908993937502,0.1112708348109237,0.0010263046021247919,30,nan,nan,nan,nan,nan,nan,nan,nan,nan,nan,nan,nan,nan,nan,nan,nan,7.752066330315756,nan,nan,nan,nan, ,nan,nan,nan,nan,nan, ,nan,nan,nan,nan,nan,nan,nan,nan,nan, ,nan,nan,nan,nan,nan,nan,nan,nan,nan,nan,nan,nan,nan,0.0,nan,nan,nan,nan,397.99920450449514,406.14,nan,nan,nan,397.88793366968423,nan,nan,nan,nan,nan,nan,nan,nan,0.5557702929247962,0.033381250443277125,nan,nan,nan,nan,nan,nan,nan,395.93,442,HYDRAULICS,82,nan,nan,nan,nan,nan,INLET JUNCTION,nan,nan,nan
nan,13.151328593604026,2.6791603959468353,0.1114580811678571,0.001028031665628705,30,nan,nan,nan,nan,nan,nan,nan,nan,nan,nan,nan,nan,nan,nan,nan,nan,6.144321877732523,nan,nan,nan,nan, ,nan,nan,nan,nan,nan, ,nan,nan,nan,nan,nan,nan,nan,nan,nan, ,nan,nan,nan,nan,nan,nan,nan,nan,nan,nan,nan,nan,nan,0.0,nan,nan,nan,nan,399.66713620343535,406.2,nan,nan,nan,399.55567812226747,nan,nan,nan,nan,nan,nan,nan,nan,0.44567812226746784,0.03343742435035715,nan,nan,nan,nan,nan,nan,nan,399.11,444,HYDRAULICS,81.1,nan,nan,nan,nan,nan,INLET JUNCTION,nan,nan,nan
nan,10.678477611078158,3.3990570445244965,0.1794035526697454,0.002228123810397731,24,nan,nan,nan,nan,nan,nan,nan,nan,nan,nan,nan,nan,nan,nan,nan,nan,5.460157153177647,nan,nan,nan,nan, ,nan,nan,nan,nan,nan, ,nan,nan,nan,nan,nan,nan,nan,nan,nan, ,nan,nan,nan,nan,nan,nan,nan,nan,nan,nan,nan,nan,nan,0.0,nan,nan,nan,nan,400.1992463994921,405.98,nan,nan,nan,400.01984284682237,nan,nan,nan,nan,nan,nan,nan,nan,0.22984284682234438,0.05382106580092363,nan,nan,nan,nan,nan,nan,nan,399.79,446,HYDRAULICS,81,nan,nan,nan,nan,nan,INLET JUNCTION,nan,nan,nan
nan, , ,0.0414470671038431, , ,nan,nan,nan,nan,nan,nan,nan,nan,nan,nan,nan,nan,nan,nan,nan,nan, ,nan,nan,nan,nan, ,nan,nan,nan,nan,nan, ,nan,nan,nan,nan,nan,nan,nan,nan,nan, ,nan,nan,nan,nan,nan,nan,nan,nan,nan,nan,nan,nan,nan,nan,nan,nan,nan,nan, , ,nan,nan,nan, ,nan,nan,nan,nan,nan,nan,nan,nan, , ,nan,nan,nan,nan,nan,nan,nan, ,451,HYDRAULICS, ,nan,nan,nan,nan,nan,INLET JUNCTION,nan,nan,nan
nan,11.472014869790863,6.491817259310677,0.6544051448491303,0.011927240264932939,18,nan,nan,nan,nan,nan,nan,nan,nan,nan,nan,nan,nan,nan,nan,nan,nan,4.203850496597511,nan,nan,nan,nan, ,nan,nan,nan,nan,nan, ,nan,nan,nan,nan,nan,nan,nan,nan,nan, ,nan,nan,nan,nan,nan,nan,nan,nan,nan,nan,nan,nan,nan,-0.1737538919686585,nan,nan,nan,nan,392.9243085402203,396.8,nan,nan,nan,392.26990339537116,nan,nan,nan,nan,nan,nan,nan,nan,0.6853383943169895,0.19632154345473907,nan,nan,nan,nan,nan,nan,nan,389.55,503,HYDRAULICS,93,nan,nan,nan,nan,nan,INLET JUNCTION,nan,nan,nan
nan, , ,0.0845131831069681, , ,nan,nan,nan,nan,nan,nan,nan,nan,nan,nan,nan,nan,nan,nan,nan,nan, ,nan,nan,nan,nan, ,nan,nan,nan,nan,nan, ,nan,nan,nan,nan,nan,nan,nan,nan,nan, ,nan,nan,nan,nan,nan,nan,nan,nan,nan,nan,nan,nan,nan,nan,nan,nan,nan,nan, , ,nan,nan,nan, ,nan,nan,nan,nan,nan,nan,nan,nan, , ,nan,nan,nan,nan,nan,nan,nan, ,508,HYDRAULICS, ,nan,nan,nan,nan,nan,INLET JUNCTION,nan,nan,nan
nan,30.481924543450848,2.425668810753346,0.0913644282525085,0.00045031052104478153,48,nan,nan,nan,nan,nan,nan,nan,nan,nan,nan,nan,nan,nan,nan,nan,nan,4.23622933354244,nan,nan,nan,nan, ,nan,nan,nan,nan,nan, ,nan,nan,nan,nan,nan,nan,nan,nan,nan, ,nan,nan,nan,nan,nan,nan,nan,nan,nan,nan,nan,nan,nan,-0.0901703743188022,nan,nan,nan,nan,382.6353054690289,387.19,nan,nan,nan,382.54394104077636,nan,nan,nan,nan,nan,nan,nan,nan,0.2739410407763765,0.13704664237876288,nan,nan,nan,nan,nan,nan,nan, ,524,HYDRAULICS,156,nan,nan,nan,nan,nan,OUTFALL,nan,nan,nan
nan, , ,0.154072565044337, , ,nan,nan,nan,nan,nan,nan,nan,nan,nan,nan,nan,nan,nan,nan,nan,nan, ,nan,nan,nan,nan, ,nan,nan,nan,nan,nan, ,nan,nan,nan,nan,nan,nan,nan,nan,nan, ,nan,nan,nan,nan,nan,nan,nan,nan,nan,nan,nan,nan,nan,nan,nan,nan,nan,nan, , ,nan,nan,nan, ,nan,nan,nan,nan,nan,nan,nan,nan, , ,nan,nan,nan,nan,nan,nan,nan, ,532,HYDRAULICS, ,nan,nan,nan,nan,nan,INLET JUNCTION,nan,nan,nan
nan,23.050746380020193,3.261005910649944,0.1651267010759917,0.0011943654720362354,36,nan,nan,nan,nan,nan,nan,nan,nan,nan,nan,nan,nan,nan,nan,nan,nan,3.2685783323275928,nan,nan,nan,nan, ,nan,nan,nan,nan,nan, ,nan,nan,nan,nan,nan,nan,nan,nan,nan, ,nan,nan,nan,nan,nan,nan,nan,nan,nan,nan,nan,nan,nan,-0.5719969727491048,nan,nan,nan,nan,385.52854534149753,388.56,nan,nan,nan,385.3634186404215,nan,nan,nan,nan,nan,nan,nan,nan,1.1527627231995043,0.17338303612979133,nan,nan,nan,nan,nan,nan,nan,384.07,536,HYDRAULICS,145,nan,nan,nan,nan,nan,INLET JUNCTION,nan,nan,nan
nan,15.044873383294208,3.064909270851889,0.1458644229589108,0.0013453779584145867,30,nan,nan,nan,nan,nan,nan,nan,nan,nan,nan,nan,nan,nan,nan,nan,nan,4.601792451598726,nan,nan,nan,nan, ,nan,nan,nan,nan,nan, ,nan,nan,nan,nan,nan,nan,nan,nan,nan, ,nan,nan,nan,nan,nan,nan,nan,nan,nan,nan,nan,nan,nan,-2.09227251719949,nan,nan,nan,nan,389.1963444885597,392.06,nan,nan,nan,389.05048006560077,nan,nan,nan,nan,nan,nan,nan,nan,1.1362062291203177,0.04375932688767324,nan,nan,nan,nan,nan,nan,nan,385.9,548,HYDRAULICS,138,nan,nan,nan,nan,nan,INLET JUNCTION,nan,nan,nan
nan, , ,0.0669243376226332, , ,nan,nan,nan,nan,nan,nan,nan,nan,nan,nan,nan,nan,nan,nan,nan,nan,nan,nan,nan,nan,nan, ,nan,nan,nan,nan,nan, ,nan,nan,nan,nan,nan,nan,nan,nan,nan, ,nan,nan,nan,nan,nan,nan,nan,nan,nan,nan,nan,nan,nan,nan,nan,nan,nan,nan, , ,nan,nan,nan, ,nan,nan,nan,nan,nan,nan,nan,nan, , ,nan,nan,nan,nan,nan,nan,nan, ,553,HYDRAULICS, ,nan,nan,nan,nan,nan,INLET JUNCTION,nan,nan,nan
nan,2.2718417692650705,1.285596451498215,0.0256639477656025,0.0004677531549933029,18,nan,nan,nan,nan,nan,nan,nan,nan,nan,nan,nan,nan,nan,nan,nan,nan,nan,nan,nan,nan,nan, ,nan,nan,nan,nan,nan, ,nan,nan,nan,nan,nan,nan,nan,nan,nan, ,nan,nan,nan,nan,nan,nan,nan,nan,nan,nan,nan,nan,nan,nan,nan,nan,nan,nan,390.1906387902329,397.76,nan,nan,nan,390.1649748424673,nan,nan,nan,nan,nan,nan,nan,nan,0.017522000584540117,0.007699184329680755,nan,nan,nan,nan,nan,nan,nan, ,563,HYDRAULICS,136.2,nan,nan,nan,nan,nan,INLET JUNCTION,nan,nan,nan
nan,1.4460953517189146,0.8183206585286561,0.0103982717418443,0.0001895197285370251,18,nan,nan,nan,nan,nan,nan,nan,nan,nan,nan,nan,nan,nan,nan,nan,nan,3.5720074057832676,nan,nan,nan,nan, ,nan,nan,nan,nan,nan, ,nan,nan,nan,nan,nan,nan,nan,nan,nan, ,nan,nan,nan,nan,nan,nan,nan,nan,nan,nan,nan,nan,nan,-1.6378341451172105,nan,nan,nan,nan,388.10622501107576,390.53,nan,nan,nan,388.0958267393339,nan,nan,nan,nan,nan,nan,nan,nan,0.04608675163640071,0.005719049458014369,nan,nan,nan,nan,nan,nan,nan,385.9,569,HYDRAULICS,140,nan,nan,nan,nan,nan,INLET JUNCTION,nan,nan,nan
nan,4.108424244239724,1.3077489954926547,0.0265560160747212,0.00032981560757781864,24,nan,nan,nan,nan,nan,nan,nan,nan,nan,nan,nan,nan,nan,nan,nan,nan,3.4108790428831526,nan,nan,nan,nan, ,nan,nan,nan,nan,nan, ,nan,nan,nan,nan,nan,nan,nan,nan,nan, ,nan,nan,nan,nan,nan,nan,nan,nan,nan,nan,nan,nan,nan,-0.279226602223332,nan,nan,nan,nan,384.5649035754149,388.17,nan,nan,nan,384.5383475593402,nan,nan,nan,nan,nan,nan,nan,nan,0.18912095711688665,0.021244812859776984,nan,nan,nan,nan,nan,nan,nan,384.07,581,HYDRAULICS,153,nan,nan,nan,nan,nan,INLET JUNCTION,nan,nan,nan
nan,4.556666783778305,2.5785398997132702,0.1032432921492751,0.0018817204615513285,18,nan,nan,nan,nan,nan,nan,nan,nan,nan,nan,nan,nan,nan,nan,nan,nan,3.253166796200958,nan,nan,nan,nan, ,nan,nan,nan,nan,nan, ,nan,nan,nan,nan,nan,nan,nan,nan,nan, ,nan,nan,nan,nan,nan,nan,nan,nan,nan,nan,nan,nan,nan,-0.2025393261487806,nan,nan,nan,nan,384.4726158220971,387.92,nan,nan,nan,384.36937252994784,nan,nan,nan,nan,nan,nan,nan,nan,0.09683320379907906,0.030972987644782547,nan,nan,nan,nan,nan,nan,nan,384.07,588,HYDRAULICS,151,nan,nan,nan,nan,nan,INLET JUNCTION,nan,nan,nan
nan,1.0455867164568549,0.8520187147089218,0.0112722964318981,0.00026198755305082653,15,nan,nan,nan,nan,nan,nan,nan,nan,nan,nan,nan,nan,nan,nan,nan,nan,6.038719061846166,nan,nan,nan,nan, ,nan,nan,nan,nan,nan, ,nan,nan,nan,nan,nan,nan,nan,nan,nan, ,nan,nan,nan,nan,nan,nan,nan,nan,nan,nan,nan,nan,nan,0.0,nan,nan,nan,nan,387.54255323458574,394.07,nan,nan,nan,387.5312809381538,nan,nan,nan,nan,nan,nan,nan,nan,0.06128093815380212,0.0033816889295694543,nan,nan,nan,nan,nan,nan,nan,387.47,597,HYDRAULICS,147,nan,nan,nan,nan,nan,INLET JUNCTION,nan,nan,nan
nan,42.935795232979906,3.4167140336914237,0.1812722793171415,0.000893441967640573,48,nan,nan,nan,nan,nan,nan,nan,nan,nan,nan,nan,nan,nan,nan,nan,nan,9.336406635875335,nan,nan,nan,nan, ,nan,nan,nan,nan,nan, ,nan,nan,nan,nan,nan,nan,nan,nan,nan, ,nan,nan,nan,nan,nan,nan,nan,nan,nan,nan,nan,nan,nan,nan,nan,nan,nan,nan,383.3248656434418,392.98,nan,nan,nan,383.1435933641247,nan,nan,nan,nan,nan,nan,nan,nan,0.8735933641246909,0.36254455863428314,nan,nan,nan,nan,nan,nan,nan, ,605,HYDRAULICS,184,nan,nan,nan,nan,nan,OUTFALL,nan,nan,nan
nan,11.919905465577752,3.794214879544739,0.2235414060894207,0.0027762991429412347,24,nan,nan,nan,nan,nan,nan,nan,nan,nan,nan,nan,nan,nan,nan,nan,nan,7.160519167087159,nan,nan,nan,nan, ,nan,nan,nan,nan,nan, ,nan,nan,nan,nan,nan,nan,nan,nan,nan, ,nan,nan,nan,nan,nan,nan,nan,nan,nan,nan,nan,nan,nan,nan,nan,nan,nan,nan,#VALUE!,400.82,nan,nan,nan,#VALUE!,nan,nan,nan,nan,nan,nan,nan,nan,4.184673419472207,0.12294777334918142,nan,nan,nan,nan,nan,nan,nan, ,619,HYDRAULICS,169,nan,nan,nan,nan,nan,INLET JUNCTION,nan,nan,nan
nan,18.109908274050245,3.6893115913522276,0.2113512425168618,0.0019493944952280852,30,nan,nan,nan,nan,nan,nan,nan,nan,nan,nan,nan,nan,nan,nan,nan,nan,5.643502738428992,nan,nan,nan,nan, ,nan,nan,nan,nan,nan, ,nan,nan,nan,nan,nan,nan,nan,nan,nan, ,nan,nan,nan,nan,nan,nan,nan,nan,nan,nan,nan,nan,nan,nan,nan,nan,nan,nan,#VALUE!,396.5,nan,nan,nan,#VALUE!,nan,nan,nan,nan,nan,nan,nan,nan,1.3694996845578757,0.06340537275505856,nan,nan,nan,nan,nan,nan,nan, ,631,HYDRAULICS,172,nan,nan,nan,nan,nan,INLET JUNCTION,nan,nan,nan
nan,12.914085531439984,2.6308297492110997,0.1074730616356232,0.0009912759075503324,30,nan,nan,nan,nan,nan,nan,nan,nan,nan,nan,nan,nan,nan,nan,nan,nan,3.605915896499198,nan,nan,nan,nan, ,nan,nan,nan,nan,nan, ,nan,nan,nan,nan,nan,nan,nan,nan,nan, ,nan,nan,nan,nan,nan,nan,nan,nan,nan,nan,nan,nan,nan,nan,nan,nan,nan,nan,#VALUE!,395,nan,nan,nan,#VALUE!,nan,nan,nan,nan,nan,nan,nan,nan,0.4337086610485716,0.03224191849068697,nan,nan,nan,nan,nan,nan,nan, ,633,HYDRAULICS,171,nan,nan,nan,nan,nan,INLET JUNCTION,nan,nan,nan
nan,10.181450701617292,2.0741432547221375,0.0668023329364804,0.0006161501514919146,30,nan,nan,nan,nan,nan,nan,nan,nan,nan,nan,nan,nan,nan,nan,nan,nan,5.354766009637899,nan,nan,nan,nan, ,nan,nan,nan,nan,nan, ,nan,nan,nan,nan,nan,nan,nan,nan,nan, ,nan,nan,nan,nan,nan,nan,nan,nan,nan,nan,nan,nan,nan,nan,nan,nan,nan,nan,#VALUE!,393.75,nan,nan,nan,#VALUE!,nan,nan,nan,nan,nan,nan,nan,nan,0.3219542741119823,0.020040699880944136,nan,nan,nan,nan,nan,nan,nan, ,638,HYDRAULICS,174,nan,nan,nan,nan,nan,INLET JUNCTION,nan,nan,nan
nan,26.820566193614738,3.794325070539391,0.2235543903870147,0.0016169743794341477,36,nan,nan,nan,nan,nan,nan,nan,nan,nan,nan,nan,nan,nan,nan,nan,nan,8.654685175706504,nan,nan,nan,nan, ,nan,nan,nan,nan,nan, ,nan,nan,nan,nan,nan,nan,nan,nan,nan, ,nan,nan,nan,nan,nan,nan,nan,nan,nan,nan,nan,nan,nan,nan,nan,nan,nan,nan,383.7888692146805,392.72,nan,nan,nan,383.5653148242935,nan,nan,nan,nan,nan,nan,nan,nan,1.2953148242935155,0.5029973783707833,nan,nan,nan,nan,nan,nan,nan, ,643,HYDRAULICS,182.2,nan,nan,nan,nan,nan,OUTFALL,nan,nan,nan
nan,20.415705564404135,2.888224763659584,0.1295317125064667,0.0009369060481638944,36,nan,nan,nan,nan,nan,nan,nan,nan,nan,nan,nan,nan,nan,nan,nan,nan,5.952649534484067,nan,nan,nan,nan, ,nan,nan,nan,nan,nan, ,nan,nan,nan,nan,nan,nan,nan,nan,nan, ,nan,nan,nan,nan,nan,nan,nan,nan,nan,nan,nan,nan,nan,nan,nan,nan,nan,nan,#VALUE!,391.55,nan,nan,nan,#VALUE!,nan,nan,nan,nan,nan,nan,nan,nan,0.4098743088248422,0.03885951375194002,nan,nan,nan,nan,nan,nan,nan,383,653,HYDRAULICS,162,nan,nan,nan,nan,nan,INLET JUNCTION,nan,nan,nan
nan,19.64911505769948,2.7797746452903658,0.1199867558788692,0.0008678671431666975,36,nan,nan,nan,nan,nan,nan,nan,nan,nan,nan,nan,nan,nan,nan,nan,nan,4.550457521988733,nan,nan,nan,nan, ,nan,nan,nan,nan,nan, ,nan,nan,nan,nan,nan,nan,nan,nan,nan, ,nan,nan,nan,nan,nan,nan,nan,nan,nan,nan,nan,nan,nan,nan,nan,nan,nan,nan,#VALUE!,390.6,nan,nan,nan,#VALUE!,nan,nan,nan,nan,nan,nan,nan,nan,0.4426470558677248,0.06599271573337807,nan,nan,nan,nan,nan,nan,nan,383.12,655,HYDRAULICS,161,nan,nan,nan,nan,nan,INLET JUNCTION,nan,nan,nan
nan,18.574520381477786,3.7839613713221874,0.2223348394356908,0.002050701509638758,30,nan,nan,nan,nan,nan,nan,nan,nan,nan,nan,nan,nan,nan,nan,nan,nan,2.7534304194654737,nan,nan,nan,nan, ,nan,nan,nan,nan,nan, ,nan,nan,nan,nan,nan,nan,nan,nan,nan, ,nan,nan,nan,nan,nan,nan,nan,nan,nan,nan,nan,nan,nan,nan,nan,nan,nan,nan,#VALUE!,390.8,nan,nan,nan,#VALUE!,nan,nan,nan,nan,nan,nan,nan,nan,2.099375186080069,0.17786787154855263,nan,nan,nan,nan,nan,nan,nan,383.98,658,HYDRAULICS,160,nan,nan,nan,nan,nan,INLET JUNCTION,nan,nan,nan
nan,18.383019939001912,3.7449493127582203,0.2177739961976438,0.00200863465166352,30,nan,nan,nan,nan,nan,nan,nan,nan,nan,nan,nan,nan,nan,nan,nan,nan,3.16775000447376,nan,nan,nan,nan, ,nan,nan,nan,nan,nan, ,nan,nan,nan,nan,nan,nan,nan,nan,nan, ,nan,nan,nan,nan,nan,nan,nan,nan,nan,nan,nan,nan,nan,nan,nan,nan,nan,nan,#VALUE!,391.7,nan,nan,nan,#VALUE!,nan,nan,nan,nan,nan,nan,nan,nan,0.4811195717536418,0.06533219885929316,nan,nan,nan,nan,nan,nan,nan,384.75,662,HYDRAULICS,159.1,nan,nan,nan,nan,nan,INLET JUNCTION,nan,nan,nan
nan,11.291308052479847,2.3002410089085505,0.082160072966842,0.000757801998520646,30,nan,nan,nan,nan,nan,nan,nan,nan,nan,nan,nan,nan,nan,nan,nan,nan,1.5846156519667716,nan,nan,nan,nan, ,nan,nan,nan,nan,nan, ,nan,nan,nan,nan,nan,nan,nan,nan,nan, ,nan,nan,nan,nan,nan,nan,nan,nan,nan,nan,nan,nan,nan,nan,nan,nan,nan,nan,#VALUE!,392,nan,nan,nan,#VALUE!,nan,nan,nan,nan,nan,nan,nan,nan,0.4618997750364654,0.024648021890052604,nan,nan,nan,nan,nan,nan,nan, ,666,HYDRAULICS,158,nan,nan,nan,nan,nan,INLET JUNCTION,nan,nan,nan
nan,0.4164568814957421,0.23566583566519092,0.0008623972996859,1.5718121836518634e-05,18,nan,nan,nan,nan,nan,nan,nan,nan,nan,nan,nan,nan,nan,nan,nan,nan,7.225993978333008,nan,nan,nan,nan, ,nan,nan,nan,nan,nan, ,nan,nan,nan,nan,nan,nan,nan,nan,nan, ,nan,nan,nan,nan,nan,nan,nan,nan,nan,nan,nan,nan,nan,nan,nan,nan,nan,nan,382.27486841896666,390,nan,nan,nan,382.274006021667,nan,nan,nan,nan,nan,nan,nan,nan,0.004006021666989639,0.0008623972996859126,nan,nan,nan,nan,nan,nan,nan, ,681,HYDRAULICS,185,nan,nan,nan,nan,nan,OUTFALL,nan,nan,nan
nan,0.12166511375169345,0.34854406154992396,0.0018863814105856,0.00010136766943077386,8,nan,nan,nan,nan,nan,nan,nan,nan,nan,nan,nan,nan,nan,nan,nan,nan,6.154631718555152,nan,nan,nan,nan, ,nan,nan,nan,nan,nan, ,nan,nan,nan,nan,nan,nan,nan,nan,nan, ,nan,nan,nan,nan,nan,nan,nan,nan,nan,nan,nan,nan,nan,nan,nan,nan,nan,nan,382.28725466285545,388.94,nan,nan,nan,382.28536828144485,nan,nan,nan,nan,nan,nan,nan,nan,0.015368281444878593,0.0018863814105856704,nan,nan,nan,nan,nan,nan,nan, ,684,HYDRAULICS,186,nan,nan,nan,nan,nan,OUTFALL,nan,nan,nan
nan,nan,nan,nan,nan,nan,nan,nan,nan,nan,nan,nan,nan,nan,nan,nan,nan,nan,nan,nan,nan,nan,nan,nan,nan,nan,nan,I=P(TT^E),nan,nan,nan,nan,nan,nan,nan,nan,nan,nan,nan,nan,nan,nan,nan,nan,nan,nan,nan,nan,nan,nan,nan,nan,nan,nan,nan,nan,nan,nan,nan,nan,nan,nan,nan,nan,nan,nan,nan,nan,nan,nan,nan,nan,nan,nan,nan,Drain Inlet Table,nan,nan,nan,nan,nan,nan,nan,nan,nan,nan,5,Reference,nan,nan,nan,nan,nan,nan,nan,nan,nan,nan
nan,nan,nan,nan,nan,nan,nan,nan,nan,nan,nan,nan,nan,nan,nan,nan,nan,nan,nan,nan,nan,nan,nan,nan,nan,nan,nan,P=MAP*P1*60^E,nan,nan,nan,nan,nan,nan,nan,nan,nan,nan,nan,nan,nan,nan,nan,nan,nan,nan,nan,nan,nan,nan,nan,nan,nan,nan,nan,nan,nan,nan,Sort DI Table by inlet number,nan,nan,nan,nan,nan,nan,nan,nan,nan,nan,nan,nan,nan,nan,Ctrl-o,nan,nan,nan,nan,nan,nan,nan,Sort,nan,nan,nan,nan,7,Reference,nan,nan,nan,nan,nan,nan,nan,nan,nan,nan
nan,nan,nan,nan,nan,nan,nan,nan,nan,nan,nan,nan,nan,nan,nan,nan,nan,nan,nan,nan,nan,nan,nan,nan,nan,nan,nan,P1=RATIO OF MAX 1 HR RAINFALL TO MAP,nan,nan,nan,nan,nan,nan,nan,nan,nan,nan,nan,nan,nan,nan,nan,nan,nan,nan,nan,nan,nan,nan,nan,nan,nan,nan,nan,nan,nan,nan,Add Inlet to Hydrology Table,nan,nan,nan,nan,nan,nan,nan,nan,nan,nan,nan,nan,nan,nan,Ctrl-i,nan,nan,nan,nan,nan,nan,nan,Inlet,nan,nan,nan,nan,10,Reference,nan,nan,nan,nan,nan,nan,nan,nan,nan,nan
nan,nan,nan,nan,nan,nan,nan,nan,nan,nan,nan,nan,nan,nan,nan,nan,nan,nan,nan,nan,nan,nan,nan,nan,nan,nan,nan,HGL=Hl+(HGL CONTROL),nan,nan,nan,nan,nan,nan,nan,nan,nan,nan,nan,nan,nan,nan,nan,nan,nan,nan,nan,nan,nan,nan,nan,nan,nan,nan,nan,nan,nan,nan,Add Junction to Hydraulics Table,nan,nan,nan,nan,nan,nan,nan,nan,nan,nan,nan,nan,nan,nan,Ctrl-j,nan,nan,nan,nan,nan,nan,nan,HGLJunctions,nan,nan,nan,nan,16,Reference,nan,nan,nan,nan,nan,nan,nan,nan,nan,nan
nan,nan,nan,nan,nan,nan,nan,nan,nan,nan,nan,nan,nan,nan,nan,nan,nan,nan,nan,nan,nan,nan,nan,nan,nan,nan,nan,Loss,Formula (Loss = ),nan,nan,nan,nan,nan,nan,nan,nan,nan,nan,nan,nan,nan,nan,nan,nan,nan,nan,nan,nan,nan,nan,nan,nan,nan,nan,nan,nan,nan,Add bold and shading to all CIA junction lines,nan,nan,nan,nan,nan,nan,nan,nan,nan,nan,nan,nan,nan,nan,Ctrl-e,nan,Hydrology Calcs,nan,nan,nan,nan,nan,Entire,nan,nan,nan,nan,26,Reference,nan,nan,nan,nan,nan,nan,nan,nan,nan,nan
nan,nan,nan,nan,nan,nan,nan,nan,nan,nan,nan,nan,nan,nan,nan,nan,nan,nan,nan,nan,nan,nan,nan,nan,nan,nan,nan,OUTFALL,1.0 VH,nan,nan,nan,nan,nan,nan,nan,nan,nan,nan,nan,nan,nan,nan,nan,nan,nan,nan,nan,nan,nan,nan,nan,nan,nan,nan,nan,nan,nan,Remove bold and shading from entire CIA table,nan,nan,nan,nan,nan,nan,nan,nan,nan,nan,nan,nan,nan,nan,Ctrl-r,nan,Hydrology Calcs,nan,nan,nan,nan,nan,Remove,nan,nan,nan,nan,28,Reference,nan,nan,nan,nan,nan,nan,nan,nan,nan,nan
nan,nan,nan,nan,nan,nan,nan,nan,nan,nan,nan,nan,nan,nan,nan,nan,nan,nan,nan,nan,nan,nan,nan,nan,nan,nan,nan,INLET JUNCTION,0.3 VH,nan,nan,nan,nan,nan,nan,nan,nan,nan,nan,nan,nan,nan,nan,nan,nan,nan,nan,nan,nan,nan,nan,nan,nan,nan,nan,nan,nan,nan,nan,nan,nan,nan,nan,nan,nan,nan,nan,nan,nan,nan,nan,nan,nan,nan,nan,nan,nan,nan,nan,nan,nan,nan,nan,nan,nan,nan,32,Reference,nan,nan,nan,nan,nan,nan,nan,nan,nan,nan
0.65,nan,nan,nan,nan,nan,nan,nan,nan,nan,nan,nan,nan,nan,nan,nan,nan,nan,14.7,#VALUE!, ,9.555,nan,nan,nan,nan,nan,nan,nan,nan,nan,nan,line_INLET,nan,nan, ,nan,nan,nan,nan,nan,nan,nan,nan,nan,nan,nan,nan,nan,nan,nan,nan,nan,nan,nan,nan,nan,nan,nan, ,nan, ,nan,nan, , , ,nan, ,#VALUE!,1, , ,nan, ,nan,nan,nan,nan, ,nan,nan,#VALUE!,10.0,nan,nan,21,Formluas,nan,nan, , ,#VALUE!, ,nan,nan, ,nan
nan,nan,nan,nan,nan,nan,nan,nan,nan,nan,nan,nan,nan,nan,nan,nan,nan,nan,1.0,nan,nan,nan,nan,nan,nan,nan,nan,nan,nan,nan,nan,nan,nan,nan,table_MINOR,nan,nan,nan,nan,nan,nan,nan,nan,nan,nan,nan,nan,nan,nan,nan,nan,nan,nan,nan,nan,nan,nan,nan,nan,nan,nan,nan,nan,nan,nan,nan,nan,nan,nan,nan,OUTFALL,nan,nan,nan,nan,nan,nan,nan,nan,nan,nan,nan,nan,nan,nan,nan,44,Formluas,nan,nan,nan,nan,nan,nan,nan,nan,nan,nan
nan,nan,nan,nan,nan,nan,nan,nan,nan,nan,nan,nan,nan,nan,nan,nan,nan,nan,0.3,nan,nan,nan,nan,nan,nan,nan,nan,nan,nan,nan,nan,nan,nan,nan,nan,nan,nan,nan,nan,nan,nan,nan,nan,nan,nan,nan,nan,nan,nan,nan,nan,nan,nan,nan,nan,nan,nan,nan,nan,nan,nan,nan,nan,nan,nan,nan,nan,nan,nan,nan,INLET JUNCTION,nan,nan,nan,nan,nan,nan,nan,nan,nan,nan,nan,nan,nan,nan,nan,46,Formluas,nan,nan,nan,nan,nan,nan,nan,nan,nan,nan
nan,nan,nan,nan,nan,nan,nan,nan,nan,nan,nan,nan,nan,nan,nan,nan,nan,nan,nan,nan,nan,nan,nan,nan,nan,nan,nan,nan,nan,nan,nan,nan,nan,nan,nan,nan,nan,nan,nan,nan,nan,nan,nan,nan,nan,nan,nan,nan,nan,nan,nan,nan,nan,nan,nan,nan,nan,nan,Fill in DI Table,nan,nan,nan,nan,nan,nan,nan,nan,nan,nan,nan,nan,nan,nan,Ctrl-d,nan,Drain Inlet Table,nan,nan,DI Table,nan,1.0,nan,nan,nan,nan,nan,8,VBA reference,nan,nan,nan,nan,nan,nan,nan,nan,nan,nan
nan,nan,nan,nan,nan,nan,nan,nan,nan,nan,nan,nan,nan,nan,nan,nan,nan,nan,nan,nan,nan,nan,nan,nan,nan,nan,nan,nan,nan,nan,nan,nan,nan,nan,nan,nan,nan,nan,nan,nan,nan,nan,nan,nan,nan,nan,nan,nan,nan,nan,nan,nan,nan,nan,nan,nan,nan,nan,nan,nan,nan,nan,nan,nan,nan,nan,nan,nan,nan,nan,nan,nan,nan,nan,nan,nan,nan,nan,first inlet,nan,nan,nan,nan,nan,nan,nan,9,VBA reference,nan,nan,nan,nan,nan,nan,nan,2.0,nan,nan
nan,nan,nan,nan,nan,nan,nan,nan,nan,nan,nan,nan,nan,nan,nan,nan,nan,nan,nan,nan,nan,nan,nan,nan,nan,nan,nan,nan,nan,nan,nan,nan,nan,nan,nan,nan,nan,nan,nan,nan,nan,nan,nan,nan,nan,nan,nan,nan,nan,nan,nan,nan,nan,nan,nan,nan,nan,nan,nan,nan,nan,nan,nan,nan,nan,nan,nan,nan,nan,nan,nan,nan,nan,nan,nan,nan,nan,nan,last inlet,nan,nan,nan,nan,nan,nan,nan,10,VBA reference,nan,nan,nan,nan,nan,nan,nan,3.0,nan,nan
nan,nan,nan,nan,nan,nan,nan,nan,nan,nan,nan,nan,nan,nan,nan,nan,nan,nan,nan,nan,nan,nan,nan,nan,nan,nan,nan,nan,nan,nan,nan,nan,nan,nan,nan,nan,nan,nan,nan,nan,nan,nan,nan,nan,nan,nan,nan,nan,nan,nan,nan,nan,nan,nan,nan,nan,nan,nan,Add Inlet to Hydrology Table,nan,nan,nan,nan,nan,nan,nan,nan,nan,nan,nan,nan,nan,nan,Ctrl-i,nan,Hydrology Calcs,nan,nan,Inlet,nan,3.0,nan,nan,nan,nan,nan,12,VBA reference,nan,nan,nan,nan,nan,nan,nan,nan,nan,nan
nan,nan,nan,nan,nan,nan,nan,nan,nan,nan,nan,nan,nan,nan,nan,nan,nan,nan,nan,nan,nan,nan,nan,nan,nan,nan,nan,nan,nan,nan,nan,nan,nan,nan,nan,nan,nan,nan,nan,nan,nan,nan,nan,nan,nan,nan,nan,nan,nan,nan,nan,nan,nan,nan,nan,nan,nan,nan,nan,nan,nan,nan,nan,nan,nan,nan,nan,nan,nan,nan,nan,nan,nan,nan,nan,nan,nan,nan,inlet no.,nan,nan,nan,nan,nan,nan,nan,13,VBA reference,nan,nan,nan,nan,nan,nan,nan,4.0,nan,nan
nan,nan,nan,nan,nan,nan,nan,nan,nan,nan,nan,nan,nan,nan,nan,nan,nan,nan,nan,nan,nan,nan,nan,nan,nan,nan,nan,nan,nan,nan,nan,nan,nan,nan,nan,nan,nan,nan,nan,nan,nan,nan,nan,nan,nan,nan,nan,nan,nan,nan,nan,nan,nan,nan,nan,nan,nan,nan,Add Junction to Hydrology Table,nan,nan,nan,nan,nan,nan,nan,nan,nan,nan,nan,nan,nan,nan,Ctrl-j,nan,nan,nan,nan,CIAJunctions,nan,4.0,nan,nan,nan,nan,nan,14,VBA reference,nan,nan,nan,nan,nan,nan,nan,nan,nan,nan
nan,nan,nan,nan,nan,nan,nan,nan,nan,nan,nan,nan,nan,nan,nan,nan,nan,nan,nan,nan,nan,nan,nan,nan,nan,nan,nan,nan,nan,nan,nan,nan,nan,nan,nan,nan,nan,nan,nan,nan,nan,nan,nan,nan,nan,nan,nan,nan,nan,nan,nan,nan,nan,nan,nan,nan,nan,nan,Add Junction to Hydraulics Table,nan,nan,nan,nan,nan,nan,nan,nan,nan,nan,nan,nan,nan,nan,Ctrl-j,nan,Hydraulic Calcs,nan,nan,HGLJunctions,nan,4.0,nan,nan,nan,nan,nan,25,VBA reference,nan,nan,nan,nan,nan,nan,nan,10.0,nan,nan
